# Blasius solution at Re_deltaStar = 1000 (important for the v component, not for u) and using deltaStar = 1
# y u v u_y u_yy
0.0 -5.838866770675288e-27 5.105226016884352e-34 0.3320573362152292 9.851463918482415e-32
0.01743387678827694 0.009961718225784805 1.2856499887027453e-07 0.3320570881256635 -2.4808946381428675e-05
0.03486775357655388 0.01992341040220955 5.142589196737671e-07 0.33205535150441207 -9.923521463421506e-05
0.05230163036483082 0.029885009545853002 1.157075999187556e-06 0.33205063786851874 -0.00022327574645482305
0.06973550715310776 0.0398464040208237 2.0570012533433666e-06 0.3320414588940559 -0.00039692259054663093
0.0871693839413847 0.04980743754609952 3.214005867846749e-06 0.3320263265996005 -0.000620160457102471
0.10460326072966164 0.05976790920947183 4.628042590685841e-06 0.33200375360305134 -0.0008929642740628229
0.12203713751793858 0.06972757349029333 6.299041127921536e-06 0.331972253451716 -0.0012152967464573307
0.13947101430621553 0.0796861402932263 8.22690354454774e-06 0.33193034102555113 -0.0015871059205097193
0.1569048910944925 0.08964327499518315 1.041149967260625e-05 0.3318765330133826 -0.0020083227545572976
0.1743387678827694 0.09959859850764538 1.2852662529135413e-05 0.3318093484618661 -0.002478858699205397
0.19177264467104632 0.10955168735653871 1.5550183746924416e-05 0.3317273093968705 -0.0029986032895036254
0.20920652145932328 0.11950207378183098 1.850380902143526e-05 0.3316289415168762 -0.0035674217522937354
0.22664039824760024 0.12944924585900597 2.171323357764163e-05 0.33151277495788267 -0.0041851526322374075
0.24407427503587717 0.1393926476445497 2.517809766091689e-05 0.33137734512920625 -0.004851605440385034
0.2615081518241541 0.14933167934756478 2.8897982056482045e-05 0.3312211936194316 -0.0055665583294926034
0.27894202861243106 0.15926569752960495 3.287240364229695e-05 0.33104286917164544 -0.006329755800631601
0.296375905400708 0.16919401533479347 3.710081098064401e-05 0.330840928726942 -0.007140906445965122
0.313809782188985 0.17911590275225636 4.158257995401215e-05 0.3306139385350387 -0.007999680732880488
0.3312436589772618 0.18903058691286437 4.6317009451237194e-05 0.33036047533067875 -0.00890570883497311
0.3486775357655388 0.19893725242223573 5.130331711019501e-05 0.3300791275743295 -0.009858578515666232
0.36611141255381574 0.20883504173190312 5.654063512366995e-05 0.32976849675550785 -0.01085783307052497
0.38354528934209264 0.21872305555049731 6.202800611533705e-05 0.3294271987568762 -0.011902969334578677
0.4009791661303696 0.2286003532967398 6.776437909309625e-05 0.32905386527706304 -0.012993435761201303
0.41841304291864656 0.23846595359597283 7.374860548728198e-05 0.32864714530995875 -0.014128630579313073
0.4358469197069235 0.24831883482188533 7.997943528153913e-05 0.3282057066780341 -0.015307900035856581
0.4532807964952005 0.25815793568501555 8.645551324440577e-05 0.3277282376170168 -0.01653053673066407
0.4707146732834774 0.2679821558695286 9.3175375269871e-05 0.327213448409045 -0.017795778050968363
0.48814855007175434 0.27779035671967756 0.00010013744483538436 0.32666007306119965 -0.019102804712915783
0.5055824268600313 0.2875813619772594 0.00010734002958597583 0.3260668710260933 -0.02045073941751275
0.5230163036483082 0.29735395857127617 0.00011478131805330494 0.32543262896097036 -0.02183864562847779
0.5404501804365851 0.30710689746089936 0.000122459376518589 0.32475616252155054 -0.023265526479474264
0.5578840572248621 0.31683889453272146 0.0001303721460284646 0.3240363181866204 -0.02473032381816517
0.575317934013139 0.32654863155315395 0.00013851743957291057 0.32327197510915967 -0.026231917394458404
0.592751810801416 0.33623475717670187 0.00014689293943440497 0.322462046989566 -0.027769124200196088
0.6101856875896929 0.34589588801070886 0.00015549619471749663 0.32160548396632854 -0.02934069796738508
0.62761956437797 0.3555306097370237 0.00016432461906795142 0.3207012745192902 -0.0309453288318649
0.6450534411662467 0.36513747829089016 0.00017337548859057192 0.31974844738043423 -0.0325816431690638
0.6624873179545236 0.37471502109720844 0.000182645939974696 0.3187460734469377 -0.03424820360820238
0.6799211947428007 0.38426173836415356 0.00019213296883624498 0.317693267691046 -0.03594350923096574
0.6973550715310776 0.39377610443397304 0.00020183342828502228 0.31658919106114897 -0.03766599596028027
0.7147889483193546 0.4032565691906123 0.00021174402772575017 0.31543305236827707 -0.03941403714439892
0.7322228251076315 0.41270155952364257 0.0002218613319010832 0.31422411015208523 -0.04118594434101842
0.7496567018959085 0.4221094808477846 0.00023218176018454151 0.3129616745202599 -0.042979968305626205
0.7670905786841853 0.4314787186771393 0.00024270158613097566 0.31164510895516584 -0.044794300187701315
0.7845244554724623 0.44080764025304775 0.00025341693729179904 0.3102738320814507 -0.046627072937775675
0.8019583322607392 0.45009459622431375 0.00026432379530180207 0.30884731938824533 -0.04847636292770005
0.8193922090490162 0.459337922378332 0.0002754179962439124 0.30736510489953556 -0.050340191785754516
0.8368260858372931 0.4685359414214686 0.0002866952312977544 0.3058267827862469 -0.05221652844749864
0.8542599626255701 0.47768696480684897 0.00029815104767732663 0.3042320089135645 -0.05410329142247349
0.871693839413847 0.48678929460751347 0.0003097808498625339 0.3025805023170222 -0.05599835127605009
0.8891277162021239 0.4958412254327059 0.0003215799011286849 0.3008720466009278 -0.057899533324868274
0.906561592990401 0.504841046384871 0.0003335433253774138 0.29910649125274974 -0.05980462054343103
0.9239954697786777 0.5137870430547435 0.000345666109271783 0.29728375286718 -0.061711356678515426
0.9414293465669548 0.5226774995517274 0.0003579431046775972 0.2954038162736991 -0.06361744956713614
0.9588632233552317 0.5315107005665782 0.0003703690314121924 0.2934667355616129 -0.0655205746528559
0.9762971001435087 0.5402849334632269 0.0003829384803011717 0.2914726349967009 -0.06741837869428437
0.9937309769317856 0.5489984903964037 0.00039564591654272927 0.289421709823814 -0.06930848365864589
1.0111648537200626 0.557649670451563 0.0004084856833783641 0.28731422694998954 -0.07118849079233604
1.0285987305083395 0.566236781803444 0.0004214520060679008 0.28515052550290637 -0.07305598485942796
1.0460326072966164 0.5747581438894521 0.0004345389961658482 0.2829310172597892 -0.0749085385381423
1.0634664840848933 0.5832120895939091 0.0004477406560952132 0.2806561869421844 -0.07674371696436093
1.0809003608731702 0.591596967439079 0.0004610508840139627 0.27832659237237234 -0.07855908241035464
1.098334237661447 0.5999111437787629 0.00047446347896839007 0.2759428644875464 -0.08035219908601002
1.1157681144497242 0.6081530049901424 0.0004879721463267049 0.27350570720828715 -0.08212063804899153
1.1332019912380011 0.6163209596594514 0.0005015705034852169 0.27101589715827595 -0.08386198220946407
1.150635868026278 0.6244134407569765 0.0005152520858385479 0.2684742832326368 -0.08557383141423687
1.168069744814555 0.6324289077968078 0.0005290103530043622 0.2658817860127598 -0.0872538075944766
1.185503621602832 0.6403658489767122 0.0005428386952921892 0.2632393970259455 -0.08889955996048228
1.2029374983911088 0.6482227832934512 0.0005567304404049899 0.26054817784871287 -0.09050877022642288
1.2203713751793859 0.6559982626288461 0.0005706788603612383 0.2578092590531354 -0.09207915784741419
1.2378052519676628 0.6636908738018752 0.0005846771786244022 0.25502383899610565 -0.09360848525086214
1.25523912875594 0.6712992405820996 0.0005987185774258896 0.25219318245197486 -0.09509456304362787
1.2726730055442166 0.6788220256597284 0.0006127962052666914 0.24931861908957495 -0.09653525517628064
1.2901068823324935 0.6862579325676814 0.0006269031845821995 0.2464015417951927 -0.09792848404550282
1.3075407591207706 0.6936057075510552 0.0006410326195539329 0.24344340484363758 -0.09927223551559751
1.3249746359090473 0.7008641413794753 0.0006551776040512233 0.2404457219201165 -0.10056456384003078
1.3424085126973244 0.7080320710979091 0.0006693312296852745 0.23741006399619888 -0.10180359646401528
1.3598423894856013 0.7151083817116142 0.0006834865939574173 0.23433805706372457 -0.1029875386893137
1.3772762662738784 0.7220920078010291 0.0006976368084828563 0.23123137973106642 -0.10411467818271221
1.3947101430621551 0.7289819350625478 0.0007117750072707396 0.22809176068671166 -0.1051833893099801
1.412144019850432 0.7357772017712801 0.0007258943550409669 0.22492097603566397 -0.10619213727760124
1.4295778966387092 0.7424769001620707 0.0007399880555578166 0.22172084651469243 -0.10713948206512447
1.4470117734269858 0.7490801777252392 0.000754049359960199 0.21849323459295786 -0.1080240821316409
1.464445650215263 0.7555862384137075 0.0007680715750681445 0.21524004146503023 -0.10884469788064867
1.4818795270035399 0.7619943437583959 0.0007820480716449995 0.21196320394377227 -0.10960019486840884
1.499313403791817 0.7683038138890019 0.0007959722925947588 0.20866469126099516 -0.11028954674182645
1.5167472805800937 0.7745140284575188 0.0008098377610739773 0.2053465017841988 -0.11091183789290265
1.5341811573683706 0.780624427462106 0.000823638088497804 0.20201065965807918 -0.1114662658178953
1.5516150341566477 0.7866345119691888 0.0008373669824198662 0.19865921137982584 -0.11195214317048532
1.5690489109449246 0.7925438447319387 0.0008510182542659599 0.19529422231753427 -0.11236889949947632
1.5864827877332015 0.7983520507035746 0.0008645858269018657 0.19191777318132297 -0.1127160826628407
1.6039166645214784 0.8040588174442083 0.0008780637420159851 0.18853195645697188 -0.11299335991126538
1.6213505413097555 0.8096638954202634 0.0008914461672979869 0.18513887281208105 -0.11320051863573456
1.6387844180980324 0.8151670981957928 0.0009047274033952065 0.18174062748489475 -0.1133374667751071
1.6562182948863093 0.8205683025153286 0.0009179018906291567 0.1783393266660314 -0.11340423288109577
1.6736521716745862 0.8258674482782066 0.0009309642154552181 0.17493707388341992 -0.11340096583952464
1.6910860484628631 0.8310645384046158 0.0009439091166493138 0.17153596640075108 -0.11332793424822159
1.7085199252511403 0.8361596385939326 0.0009567314912062239 0.16813809163972146 -0.11318552545338546
1.725953802039417 0.8411528769762066 0.0009694263999350477 0.16474552363626999 -0.11297424424774491
1.743387678827694 0.8460444436579704 0.0009819890727382921 0.16136031954088428 -0.11269471123528689
1.760821555615971 0.8508345901638424 0.0009944149135620165 0.1579845161728915 -0.11234766086877127
1.7782554324042479 0.8555236287756915 0.001006699505005543 0.1546201266384374 -0.1119339391676524
1.7956893091925248 0.8601119317714134 0.001018838612580286 0.15126913702161215 -0.11145450112539437
1.813123185980802 0.8645999305656534 0.0010308281886083875 0.14793350315788747 -0.11091040781648101
1.8305570627690788 0.8689881147550786 0.001042664375753006 0.14461514749870605 -0.11030282321468195
1.8479909395573555 0.8732770310710606 0.0010543435101732514 0.1413159560756953 -0.10963301073533122
1.8654248163456326 0.8774672822428804 0.0010658621242980008 0.13803777557258107 -0.108902329515499
1.8828586931339095 0.8815595257748035 0.001077216949214007 0.13478241051244205 -0.10811223044698573
1.9002925699221866 0.8855544726405912 0.0010884049166649686 0.1315516205674844 -0.1072642519780324
1.9177264467104633 0.8894528858992289 0.0010994231606594425 0.12834711799802634 -0.10636001570051852
1.9351603234987405 0.893255579235839 0.001110269018686731 0.12517056522686493 -0.10540122174020325
1.9525942002870174 0.8969634154319267 0.0011209400325410842 0.12202357255466376 -0.10438964396825581
1.970028077075294 0.9005773047692678 0.0011314339487557903 0.11890769602143972 -0.10332712505290902
1.9874619538635712 0.9040982033718882 0.0011417487186499175 0.11582443541865786 -0.10221557137055882
2.004895830651848 0.9075271114907164 0.001151882497991653 0.1127752324558556 -0.1010569477960174
2.022329707440125 0.9108650717355947 0.0011618336462833325 0.10976146908512203 -0.09985327239190658
2.039763584228402 0.9141131672594268 0.0011716007256743796 0.10678446598615701 -0.09860661101735546
2.057197461016679 0.917272519899314 0.001181182499509452 0.10384548121402624 -0.0973190718762362
2.0746313378049557 0.9203442882795833 0.001190577930520133 0.1009457090111242 -0.09599280002514192
2.092065214593233 0.9233296658816502 0.0011997861786695156 0.09808627878424975 -0.09462997186117644
2.10949909138151 0.9262298790856749 0.0012088065986599617 0.09526825424710308 -0.09323278960939596
2.1269329681697866 0.9290461851889713 0.0012176387371152265 0.09249263272792017 -0.09180347582941456
2.1443668449580637 0.9317798704061134 0.0012262823294489763 0.0897603446413819 -0.09034426796026729
2.1618007217463404 0.9344322478556445 0.001234737296432507 0.08707225312337101 -0.08885741292211792
2.1792345985346175 0.9370046555382484 0.0012430037404752025 0.08442915382659885 -0.08734516179280868
2.196668475322894 0.9394984543111718 0.0012510819416319213 0.08183177487459596 -0.0858097645765824
2.2141023521111713 0.9419150258636051 0.0012589723533521073 0.07928077697104954 -0.08425346508156692
2.2315362288994485 0.9442557706976294 0.001266675597985932 0.07677675366098713 -0.08267849592180632
2.248970105687725 0.9465221061192289 0.0012741924620632507 0.074320231739843 -0.08108707365875657
2.2664039824760023 0.948715464243738 0.001281523891361546 0.071911671806012 -0.07948139409624341
2.283837859264279 0.9508372900199583 0.0012886709857793475 0.0695514689520885 -0.07786362774191267
2.301271736052556 0.9528890392770295 0.0012956349940318925 0.06723995358961254 -0.07623591544719509
2.3187056128408328 0.9548721767979749 0.001302417308185949 0.06497739240180134 -0.07460036423676739
2.33613948962911 0.9567881744236777 0.0013090194580508874 0.06276398941842865 -0.07295904333742176
2.353573366417387 0.9586385091908594 0.0013154431054430984 0.06059988720673558 -0.07131398041516862
2.371007243205664 0.9604246615074452 0.001321690038340875 0.058485168172006934 -0.06966715802829584
2.3884411199939404 0.9621481133685126 0.0013277621649467966 0.05641985596123218 -0.06802051030299934
2.4058749967822175 0.9638103466158086 0.001333661507674508 0.05440391696308859 -0.0663759198370918
2.4233088735704946 0.9654128412436274 0.0013393901970766094 0.052437261897336065 -0.06473521483619467
2.4407427503587718 0.9669570737536217 0.0013449504657301106 0.05051974748659556 -0.06310016648572686
2.4581766271470484 0.9684445155609158 0.001350344642095609 0.048651178203401944 -0.06147248656093294
2.4756105039353256 0.9698766314536689 0.001355575144365994 0.04683130808536886 -0.059853825276142435
2.4930443807236027 0.9712548781080252 0.0013606444743200611 0.0450598426112845 -0.05824576937343263
2.51047825751188 0.9725807026601723 0.0013655552111960078 0.04333644063096491 -0.056649840449876365
2.527912134300156 0.9738555413370102 0.001370310005599243 0.041660716341732344 -0.0550674935216077
2.545346011088433 0.9750808181467286 0.0013749115734584716 0.0400322413044515 -0.05350011582202575
2.5627798878767103 0.9762579436303682 0.0013793626900433938 0.038450546492151245 -0.051949025830593666
2.580213764664987 0.9773883136752458 0.0013836661840568145 0.03691512436437659 -0.05041547252786934
2.597647641453264 0.978473308390911 0.0013878249318132986 0.035425430960559515 -0.0489006348716383
2.6150815182415412 0.9795142910481067 0.0013918418515158953 0.03398088800586183 -0.0474056214883041
2.6325153950298184 0.9805126070810141 0.001395719897641744 0.032580885023127615 -0.04593147057302919
2.6499492718180946 0.9814695831528678 0.001399462055446742 0.031224781444788546 -0.04447914999151581
2.6673831486063717 0.9823865262848558 0.001403071335598716 0.029911908718786167 -0.04304955757576721
2.684817025394649 0.9832647230480337 0.0014065507689478378 0.028641572402813186 -0.04164352160567918
2.7022509021829255 0.9841054388178235 0.001409903401442343 0.027413054241426132 -0.04026180146787781
2.7196847789712026 0.9849099170905042 0.0014131322891968382 0.026225614220845708 -0.03890508848284435
2.7371186557594798 0.9856793788609484 0.0014162404937198105 0.025078492596535034 -0.03757400689104955
2.754552532547757 0.9864150220607213 0.0014192310773062185 0.023970911888927363 -0.03626911498855623
2.771986409336033 0.9871180210555184 0.0014221070986003218 0.022902078842965502 -0.03499090640234311
2.7894202861243103 0.9877895262007957 0.0014248716083332333 0.021871186347409147 -0.03373981149544821
2.8068541629125874 0.9884306634543291 0.0014275276452389604 0.020877415310165855 -0.03251619889193011
2.824288039700864 0.9890425340443287 0.0014300782321520307 0.019919936486201294 -0.03132037711159323
2.841721916489141 0.989626214191643 0.0014325263722891458 0.01899791225488699 -0.030152596304421436
2.8591557932774183 0.9901827548844849 0.0014348750457166563 0.01811049834394497 -0.029013050074707974
2.8765896700656954 0.9907131817040465 0.001437127206005008 0.017256845497446955 -0.027901877384955566
2.8940235468539717 0.9912184946992842 0.0014392857770707493 0.016436101085622854 -0.026819164529750028
2.911457423642249 0.9916996683091008 0.0014413536502060594 0.015647410654523894 -0.025764947169976096
2.928891300430526 0.9921576513300947 0.001443333681295242 0.014889919413872525 -0.024739212417947583
2.9463251772188026 0.9925933669279992 0.0014452286882170706 0.014162773661709734 -0.023741900964257823
2.9637590540070797 0.9930077126908983 0.0014470414484313852 0.013465122144722999 -0.0227729092374224
2.981192930795357 0.9934015607222785 0.0014487746967478676 0.012796117353401602 -0.021832091587678657
2.998626807583634 0.9937757577719473 0.0014504311232744454 0.012154916751419801 -0.020919262486622014
3.0160606843719107 0.994131125402844 0.001452013371542399 0.01154068393889368 -0.020034198734698527
3.0334945611601873 0.9944684601917533 0.001453524036804828 0.01095258974939104 -0.019176641668928778
3.0509284379484645 0.9947885339619369 0.0014549656645047697 0.0103898132807974 -0.018346299363611686
3.068362314736741 0.995092094045703 0.0014563407489089648 0.009851542860352358 -0.01754284881714142
3.0857961915250183 0.9953798635749447 0.0014576517319029223 0.009336976944371106 -0.016765938118467643
3.1032300683132954 0.9956525417976998 0.0014589010019426948 0.008845324953353995 -0.016015188587133418
3.1206639451015725 0.9959108044188049 0.0014600908931585168 0.008375808043362333 -0.015290196881233906
3.138097821889849 0.9961553039627478 0.0014612236846052603 0.00792765981470278 -0.014590537068052935
3.1555316986781263 0.996386670156855 0.0014623015996544477 0.007500126959113276 -0.013915762652547365
3.172965575466403 0.9966055103329884 0.0014633268055224307 0.007092469846782578 -0.013265408559262497
3.19039945225468 0.9968124098459683 0.0014643014129292057 0.006703963054661347 -0.012638993063670586
3.207833329042957 0.9970079325069847 0.0014652274758822088 0.006333895837637348 -0.012036019669329616
3.225267205831234 0.9971926210303079 0.0014661069915793857 0.005981572544249068 -0.011455978927657021
3.242701082619511 0.9973669974916598 0.0014669419004257403 0.0056463129787026785 -0.010898350197503017
3.2601349594077877 0.997531563796664 0.001467734086157551 0.005327452711035626 -0.01036260334208772
3.277568836196065 0.997686802157846 0.00146848537606843 0.005024343337337931 -0.009848200361235751
3.2950027129843416 0.9978331755787169 0.0014691975413313955 0.0047363526919988784 -0.009354596957198936
3.3124365897726187 0.9979711283435276 0.0014698722974111642 0.004462865013992607 -0.008881244032701227
3.3298704665608954 0.9981010865113505 0.0014705113045609156 0.004203281069252409 -0.00842758912017033
3.3473043433491725 0.9982234584131977 0.001471116168397838 0.0039570182312096275 -0.007993077741435307
3.3647382201374496 0.9983386351509544 0.0014716884405518436 0.003723510521590334 -0.007577154697469578
3.3821720969257263 0.9984469910969671 0.0014722296193819438 0.003502208613571023 -0.007179265288042161
3.3996059737140034 0.998548884393187 0.0014727411507548687 0.0032925797993948298 -0.006798856461408052
3.4170398505022805 0.9986446574488365 0.001473224428880645 0.003094107924542038 -0.006435377894419699
3.434473727290557 0.9987346374356227 0.0014736807971999697 0.002906293290533443 -0.0060882830036756
3.451907604078834 0.9988191367795934 0.0014741115493183585 0.0027286525284235664 -0.0057570298885400465
3.469341480867111 0.9988984536487809 0.0014745179299822135 0.0025607184450124874 -0.005441082207068547
3.486775357655388 0.9989728724358493 0.0014749011360920723 0.002402039843771359 -0.00513990998605789
3.504209234443665 0.9990426642350143 0.0014752623177485202 0.002252181322437373 -0.004852990366607136
3.521643111231942 0.9991080873125657 0.001475602579326368 0.0021107230491901837 -0.004579808286727556
3.539076988020219 0.9991693875703755 0.0014759229805729013 0.0019772605192735805 -0.004319857102675019
3.5565108648084958 0.9992267990018361 0.001476224537726173 0.001851404293874027 -0.0040726391507981755
3.5739447415967724 0.9992805441397195 0.0014765082246495055 0.0017327797230124304 -0.003837666251801009
3.5913786183850496 0.9993308344955044 0.0014767749739785251 0.0016210266541470408 -0.003614460159408505
3.6088124951733267 0.9993778709897693 0.0014770256782772827 0.0015157991281246356 -0.003402552955500719
3.626246371961604 0.9994218443732923 0.0014772611912001372 0.001416765064054092 -0.0032014873938431524
3.6436802487498805 0.9994629356385508 0.001477482328656333 0.0013236059346119473 -0.0030108171945915736
3.6611141255381576 0.9995013164213548 0.001477689869974312 0.001236016433223525 -0.002830107291786999
3.6785480023264348 0.9995371493923911 0.0014778845590630641 0.0011537041344963832 -0.0026589340360828194
3.695981879114711 0.9995705886384958 0.0014780671055679134 0.0010763891492152414 -0.0024968853549610834
3.713415755902988 0.9996017800335067 0.001478238186018369 0.001003803775149488 -0.0023435608727226283
3.7308496326912652 0.9996308615986051 0.0014783984449659173 0.0009356921448021447 -0.0021985719924043604
3.7482835094795424 0.9996579638520432 0.001478548496109541 0.0008718098712833455 -0.0020615419420459114
3.765717386267819 0.9996832101482361 0.001478688923407221 0.0008119236932928064 -0.0019321057874021254
3.783151263056096 0.9997067170062067 0.0014788202821717053 0.0007558111201874749 -0.0018099104133006518
3.8005851398443733 0.999728594427392 0.0014789431001489305 0.0007032600780561915 -0.0016946144758342482
3.8180190166326495 0.9997489462028589 0.001479057878577743 0.000654068557639747 -0.0015858883274894751
3.8354528934209267 0.9997678702099944 0.0014791650932296288 0.0006080442648771521 -0.0014834139172771519
3.852886770209204 0.9997854586987603 0.0014792651954273345 0.0005650042747977583 -0.0013868846678766738
3.870320646997481 0.9998017985676241 0.0014793586130414165 0.0005247746894193229 -0.0012960053317485395
3.8877545237857576 0.9998169716292935 0.001479445751463844 0.00048719030025444157 -0.0012104918281080404
3.9051884005740347 0.9998310548664033 0.0014795269945579205 0.000452094255971911 -0.001130071062588183
3.922622277362312 0.9998441206773143 0.001479602705583921 0.00041933773570578366 -0.0010544807313524287
3.940056154150588 0.9998562371122032 0.001479673228099933 0.0003887796284530605 -0.0009834691113479398
3.957490030938865 0.9998674680996292 0.001479738886837491 0.0003602862189513487 -0.0009167948383185028
3.9749239077271423 0.9998778736637801 0.001479799988551719 0.00033373088038032514 -0.0008542266741233786
3.9923577845154194 0.9998875101326042 0.0014798568228457617 0.00030899377418553857 -0.0007955432648344607
4.009791661303696 0.999896430337048 0.0014799096629693816 0.0002859615572800579 -0.0007405328910098822
4.027225538091973 0.9999046838016223 0.0014799587665916844 0.000264527096838623 -0.0006889932114677072
4.04465941488025 0.9999123169265297 0.0014800043765480072 0.00024458919286037895 -0.0006407310018091585
4.062093291668527 0.9999193731615856 0.0014800467215610733 0.00022605230863987778 -0.0005955618888670636
4.079527168456804 0.9999258931721753 0.0014800860169365858 0.0002088263092518723 -0.0005533100821823632
4.096961045245081 0.9999319149974844 0.0014801224652334752 0.00019282620812342258 -0.0005138081035396965
4.114394922033358 0.9999374742012503 0.001480156256909106 0.00017797192173695 -0.0004768965155225576
4.131828798821634 0.9999426040152767 0.001480187570939762 0.00016418803248011686 -0.00044242364997959066
4.149262675609911 0.9999473354759539 0.0014802165754167769 0.000151403559632661 -0.00041024533722631155
4.1666965523981885 0.9999516975540331 0.0014802434281187547 0.00013955173845658448 -0.0003802246367412115
4.184130429186466 0.9999557172778921 0.001480268277060306 0.0001285698073342675 -0.00035223157005183044
4.201564305974743 0.999959419850536 0.0014802912610177986 0.00011839880287914578 -0.00032614285644522927
4.21899818276302 0.9999628287605694 0.0014803125100326317 0.0001089833629254449 -0.00030184165207835877
4.236432059551297 0.999965965887375 0.0014803321458925673 0.00010027153728704738 -0.00027921729300720645
4.253865936339573 0.9999688516007301 0.001480350282591681 9.221460616083052e-05 -0.00025816504259943383
4.27129981312785 0.9999715048550887 0.001480367026769495 8.476690603664687e-05 -0.00023858584374345377
4.2887336899161275 0.9999739432787503 0.0014803824781298909 7.788566296448201e-05 -0.00022038607621765088
4.306167566704405 0.9999761832581363 0.0014803967298403925 7.153083301911358e-05 -0.00020347731953666297
4.323601443492681 0.9999782400173858 0.001480409868912425 6.566494979376524e-05 -0.00018777612154740377
4.341035320280958 0.9999801276934793 0.001480421976563171 6.025297874669627e-05 -0.00017320377300572538
4.358469197069235 0.9999818594070937 0.001480433128559617 5.526217821834104e-05 -0.00015968608832534628
4.375903073857511 0.9999834473293849 0.0014804433955454253 5.06619669314163e-05 -0.0001471531926538083
4.393336950645788 0.9999849027448912 0.0014804528433512384 4.642379778229912e-05 -0.00013553931539580553
4.410770827434066 0.9999862361107412 0.0014804615332890193 4.252103772885399e-05 -0.00012478259027214552
4.428204704222343 0.9999874571123486 0.0014804695224310373 3.892885357768893e-05 -0.00011482486197281944
4.44563858101062 0.9999885747157655 0.0014804768638741036 3.5624103472488915e-05 -0.00010561149943513716
4.463072457798897 0.999989597216864 0.00148048360698964 3.25852338845289e-05 -9.709121575251345e-05
4.480506334587174 0.9999905322875074 0.0014804897976601668 2.979218190665774e-05 -8.921589469624395e-05
4.49794021137545 0.9999913870188677 0.0014804954785027729 2.722628265289439e-05 -8.194042381136776e-05
4.515374088163727 0.999992167962038 0.0014805006890801493 2.4870181567241667e-05 -7.522253402843881e-05
4.5328079649520046 0.9999928811660873 0.0014805054660997079 2.270775144733355e-05 -6.902264571560642e-05
4.550241841740282 0.9999935322136924 0.0014805098436013373 2.0724013991037018e-05 -6.330372107976229e-05
4.567675718528558 0.9999941262544825 0.001480513853134314 1.8905065677082485e-05 -5.803112281157556e-05
4.585109595316835 0.9999946680362235 0.0014805175239238763 1.7238007794139334e-05 -5.317247885689977e-05
4.602543472105112 0.9999951619339624 0.0014805208830279528 1.571088043644579e-05 -4.869755318623088e-05
4.619977348893389 0.9999956119772484 0.0014805239554845197 1.4312600288094448e-05 -4.457812242451909e-05
4.6374112256816655 0.9999960218755436 0.001480526764450072 1.3032902022330556e-05 -4.078785819562308e-05
4.654845102469943 0.9999963950419261 0.0014805293313296128 1.1862283146695698e-05 -3.7302215028944286e-05
4.67227897925822 0.9999967346151897 0.001480531675898645 1.0791952129508693e-05 -3.4098323670210775e-05
4.689712856046497 0.9999970434804332 0.0014805338164175432 9.813779647987096e-06 -3.1154889633923434e-05
4.707146732834774 0.9999973242882333 0.001480535769738728 8.920252803241329e-06 -2.8452096831541735e-05
4.72458060962305 0.9999975794724851 0.0014805375514070139 8.104432152389212e-06 -2.5971516106994987e-05
4.742014486411328 0.9999978112669959 0.0014805391757535227 7.359911413119728e-06 -2.3696018509498972e-05
4.7594483631996045 0.9999980217209065 0.001480540655983489 6.680779701147684e-06 -2.160969313284074e-05
4.776882239987881 0.9999982127130171 0.001480542004258334 6.061586166129307e-06 -1.9697769350216805e-05
4.794316116776159 0.9999983859650868 0.0014805432317722973 5.497306896730071e-06 -1.7946543274300574e-05
4.811749993564435 0.9999985430541717 0.0014805443488239633 4.983313970628161e-06 -1.634330827340147e-05
4.829183870352713 0.9999986854240662 0.0014805453648829823 4.515346530286602e-06 -1.4876289376311095e-05
4.846617747140989 0.9999988143959051 0.0014805462886522355 4.089483770318071e-06 -1.3534581400652285e-05
4.864051623929266 0.9999989311779823 0.0014805471281257674 3.702119727181673e-06 -1.230809064218912e-05
4.8814855007175435 0.9999990368748396 0.00148054789064269 3.3499397667842123e-06 -1.1187479965587238e-05
4.898919377505821 0.9999991324956737 0.0014805485829373491 3.0298986702932628e-06 -1.016411714046742e-05
4.916353254294097 0.9999992189621094 0.0014805492111859531 2.739200223100246e-06 -9.230026270237626e-06
4.933787131082374 0.9999992971153806 0.0014805497810498937 2.4752782163899422e-06 -8.37784216507466e-06
4.951221007870651 0.9999993677229626 0.001480550297715979 2.2357787751703256e-06 -7.600767514511923e-06
4.968654884658927 0.9999994314846927 0.001480550765933763 2.018543930889596e-06 -6.892532719343453e-06
4.986088761447205 0.9999994890384156 0.0014805511900501604 1.8215963609108408e-06 -6.247358246940962e-06
5.003522638235482 0.9999995409651874 0.001480551574041534 1.6431252211243795e-06 -5.659919378565206e-06
5.02095651502376 0.9999995877940709 0.001480551921543415 1.4814730018522421e-06 -5.125313221810873e-06
5.038390391812036 0.9999996300065498 0.0014805522358780007 1.3351233409364397e-06 -4.639027865928412e-06
5.055824268600312 0.9999996680405919 0.0014805525200796128 1.2026897315004915e-06 -4.196913562388454e-06
5.07325814538859 0.9999997022943864 0.0014805527769182153 1.0829050653338547e-06 -3.7951558176800114e-06
5.090692022176866 0.9999997331297777 0.0014805530089211532 9.746119561697017e-07 -3.4302502899357423e-06
5.1081258989651435 0.9999997608754223 0.001480553218393232 8.76753790310155e-07 -3.098979385543193e-06
5.125559775753421 0.9999997858296852 0.0014805534074352267 7.883664551006573e-07 -2.798390456413206e-06
5.142993652541698 0.9999998082632994 0.0014805535779609793 7.085706986679853e-07 -2.5257755030201393e-06
5.160427529329974 0.9999998284218046 0.00148055373171314 6.365650771173325e-07 -2.2786522926929628e-06
5.177861406118251 0.9999998465277822 0.001480553870277674 5.716194480352913e-07 -2.0547468069105644e-06
5.195295282906528 0.9999998627829031 0.0014805539950972133 5.130689716699529e-07 -1.8519769355283674e-06
5.212729159694804 0.9999998773698031 0.0014805541074833456 4.603085835602734e-07 -1.6684373399303893e-06
5.2301630364830825 0.9999998904537984 0.0014805542086279184 4.1278790466753555e-07 -1.5023854110543288e-06
5.247596913271359 0.9999999021844554 0.0014805542996134179 3.700065572253859e-07 -1.3522282520709796e-06
5.265030790059637 0.9999999126970244 0.001480554381422501 3.315098565755359e-07 -1.2165106192101804e-06
5.282464666847913 0.999999922113751 0.0014805544549467652 2.9688485119744186e-07 -1.0939037578102446e-06
5.299898543636189 0.9999999305450723 0.0014805545209947652 2.657566849756776e-07 -9.831950741231087e-07
5.317332420424467 0.999999938090709 0.0014805545802993843 2.3778525748266377e-07 -8.832785867336142e-07
5.334766297212743 0.9999999448406613 0.0014805546335245753 2.1266215969033002e-07 -7.931461046460083e-07
5.3522001740010205 0.9999999508761177 0.0014805546812715542 1.9010786406641965e-07 -7.118790821550589e-07
5.369634050789298 0.999999956270281 0.0014805547240844413 1.6986914946332515e-07 -6.386411035534972e-07
5.387067927577575 0.9999999610891225 0.0014805547624554393 1.517167425733487e-07 -5.726709535325956e-07
5.404501804365851 0.9999999653920671 0.0014805547968295672 1.3544315900810028e-07 -5.132762318107239e-07
5.421935681154129 0.9999999692326176 0.0014805548276089818 1.208607282651263e-07 -4.5982747307765826e-07
5.439369557942405 0.9999999726589204 0.0014805548551569162 1.0779978797544148e-07 -4.117527357723631e-07
5.4568034347306815 0.9999999757142818 0.0014805548798012935 9.6107033885164e-08 -3.685326255220803e-07
5.4742373115189595 0.9999999784376352 0.0014805549018380056 8.564401301645386e-08 -3.2969572126375604e-07
5.491671188307236 0.999999980863966 0.0014805549215339082 7.628574838082921e-08 -2.948143741481331e-07
5.509105065095514 0.9999999830246964 0.0014805549391295513 6.7919484485122e-08 -2.635008512959514e-07
5.52653894188379 0.999999984948035 0.0014805549548416673 6.044354368007154e-08 -2.3540379833813837e-07
5.543972818672066 0.9999999866592928 0.0014805549688654245 5.376628415692552e-08 -2.1020499643107614e-07
5.561406695460344 0.9999999881811705 0.0014805549813764927 4.780515110156997e-08 -1.8761639109819673e-07
5.5788405722486205 0.9999999895340174 0.0014805549925329075 4.248581317145099e-08 -1.6737737181366313e-07
5.596274449036898 0.999999990736066 0.0014805550024767746 3.774137707076324e-08 -1.4925228271687507e-07
5.613708325825175 0.9999999918036453 0.0014805550113358064 3.351167356673379e-08 -1.3302814623176496e-07
5.631142202613452 0.9999999927513711 0.0014805550192247266 2.9742608816877024e-08 -1.1851258266606711e-07
5.648576079401728 0.9999999935923205 0.0014805550262465405 2.638557536633093e-08 -1.0553191008687269e-07
5.666009956190006 0.9999999943381879 0.0014805550324936817 2.3396917628143845e-08 -9.392940991353953e-08
5.683443832978282 0.999999994999426 0.0014805550380490662 2.0737447079884236e-08 -8.356374474103434e-08
5.7008777097665595 0.9999999955853737 0.001480555042987021 1.8372002799342578e-08 -7.430751590974559e-08
5.718311586554837 0.9999999961043701 0.0014805550473741542 1.6269053322397725e-08 -6.604594927522592e-08
5.735745463343113 0.9999999965638583 0.0014805550512701176 1.4400336139227731e-08 -5.8675698506575815e-08
5.753179340131391 0.9999999969704785 0.0014805550547283127 1.2740531452801188e-08 -5.21037560587216e-08
5.770613216919667 0.9999999973301518 0.001480555057796519 1.126696710767316e-08 -4.6246462724784074e-08
5.788047093707943 0.9999999976481553 0.0014805550605174699 9.959351859169443e-09 -4.102860738327831e-08
5.805480970496221 0.9999999979291901 0.001480555062929356 8.799534394596171e-09 -3.638260921402413e-08
5.822914847284498 0.9999999981774425 0.0014805550650663058 7.77128574059084e-09 -3.22477752692427e-08
5.840348724072775 0.9999999983966374 0.0014805550669587887 6.860102895498192e-09 -2.8569626855185008e-08
5.857782600861052 0.9999999985900893 0.0014805550686340005 6.053031713979309e-09 -2.5299288707427316e-08
5.875216477649329 0.9999999987607444 0.0014805550701162105 5.338507244134526e-09 -2.2392935432203898e-08
5.892650354437605 0.9999999989112216 0.0014805550714270506 4.706209876365752e-09 -1.981129013927705e-08
5.910084231225883 0.999999999043847 0.001480555072585803 4.146935809068351e-09 -1.751917061117134e-08
5.9275181080141595 0.9999999991606856 0.0014805550736096405 3.652480470004558e-09 -1.548507874130776e-08
5.9449519848024375 0.9999999992635705 0.0014805550745138603 3.2155336547904427e-09 -1.3680829331765226e-08
5.962385861590714 0.9999999993541274 0.0014805550753120695 2.8295852561814236e-09 -1.208121467204485e-08
5.97981973837899 0.9999999994337975 0.0014805550760163728 2.4888405605620815e-09 -1.0663701625172613e-08
5.997253615167268 0.9999999995038581 0.001480555076637536 2.188144181983905e-09 -9.408158228540553e-09
6.014687491955544 0.9999999995654406 0.0014805550771851224 1.9229117899358305e-09 -8.296607075699035e-09
6.032121368743821 0.9999999996195466 0.0014805550776676247 1.6890688654242457e-09 -7.313002983460438e-09
6.0495552455320984 0.9999999996670623 0.0014805550780925807 1.4829957914781714e-09 -6.443032667632794e-09
6.066989122320375 0.9999999997087717 0.0014805550784666866 1.3014786494351478e-09 -5.673934351855686e-09
6.084422999108652 0.999999999745368 0.0014805550787958754 1.141665151819697e-09 -4.9943354186714965e-09
6.101856875896929 0.9999999997774633 0.0014805550790854061 1.0010251967749898e-09 -4.394106381354185e-09
6.119290752685206 0.9999999998055987 0.0014805550793399386 8.773155782894982e-10 -3.864229610277168e-09
6.136724629473482 0.9999999998302516 0.0014805550795636046 7.685484312825985e-10 -3.3966813898072885e-09
6.15415850626176 0.9999999998518434 0.0014805550797600546 6.729630313524905e-10 -2.9843260118626974e-09
6.1715923830500365 0.9999999998707455 0.00148055507993252 5.890006059933149e-10 -2.6208207312999774e-09
6.189026259838315 0.9999999998872858 0.001480555080083865 5.152818476771905e-10 -2.3005305170736202e-09
6.206460136626591 0.9999999999017527 0.0014805550802166098 4.505868496660761e-10 -2.0184516324483543e-09
6.223894013414867 0.9999999999144004 0.0014805550803329887 3.938372130391204e-10 -1.77014316819308e-09
6.241327890203145 0.9999999999254527 0.0014805550804349735 3.4408009844448267e-10 -1.5516657353487398e-09
6.258761766991421 0.9999999999351067 0.001480555080524305 3.004740187392321e-10 -1.3595265994867993e-09
6.276195643779698 0.9999999999435353 0.001480555080602513 2.622761891784915e-10 -1.1906306069654851e-09
6.2936295205679755 0.9999999999508907 0.0014805550806709549 2.288312703488617e-10 -1.0422363161047381e-09
6.311063397356253 0.9999999999573069 0.0014805550807308226 1.9956135578862153e-10 -9.119168029535491e-10
6.328497274144529 0.9999999999629011 0.0014805550807831644 1.7395707136106817e-10 -7.975246628934208e-10
6.345931150932806 0.9999999999677764 0.0014805550808289054 1.5156966709634438e-10 -6.971607761496089e-10
6.363365027721083 0.9999999999720235 0.001480555080868863 1.3200399452715998e-10 -6.091464477737142e-10
6.38079890450936 0.9999999999757214 0.001480555080903748 1.1491227363948772e-10 -5.319985711928522e-10
6.398232781297637 0.9999999999789398 0.0014805550809341961 9.998856355412068e-11 -4.6440749933708436e-10
6.415666658085914 0.9999999999817397 0.001480555080960753 8.696386005241865e-11 -4.052173389752435e-10
6.433100534874192 0.9999999999841743 0.0014805550809839092 7.560175115435794e-11 -3.534084125028165e-10
6.450534411662468 0.9999999999862904 0.0014805550810040899 6.569456923498604e-11 -3.0808165730141986e-10
6.467968288450744 0.9999999999881287 0.0014805550810216706 5.705998470509225e-11 -2.6844475617449193e-10
6.485402165239022 0.9999999999897251 0.0014805550810369787 4.953799215458842e-11 -2.337998134836737e-10
6.502836042027298 0.9999999999911107 0.0014805550810502986 4.298824512752042e-11 -2.0353241067156413e-10
6.5202699188155755 0.9999999999923128 0.001480555081061888 3.7287700424733494e-11 -1.7710189204868231e-10
6.537703795603853 0.9999999999933554 0.0014805550810719677 3.232853706741292e-11 -1.5403274721857035e-10
6.55513767239213 0.999999999994259 0.0014805550810807237 2.8016318850460442e-11 -1.339069704730975e-10
6.572571549180406 0.999999999995042 0.001480555081088332 2.4268372812923422e-11 -1.1635729005480174e-10
6.590005425968683 0.9999999999957201 0.0014805550810949406 2.1012358993249662e-11 -1.0106117148624769e-10
6.60743930275696 0.9999999999963071 0.001480555081100675 1.8185009555997273e-11 -8.7735509327925e-11
6.624873179545237 0.9999999999968149 0.0014805550811056482 1.5731017806391556e-11 -7.61319308557e-11
6.6423070563335145 0.9999999999972541 0.0014805550811099613 1.3602059779227285e-11 -6.603264334581251e-11
6.659740933121791 0.9999999999976338 0.0014805550811137027 1.1755933025642925e-11 -5.7246764010354746e-11
6.677174809910069 0.999999999997962 0.0014805550811169414 1.0155798949281352e-11 -4.960707822153193e-11
6.694608686698345 0.9999999999982453 0.0014805550811197458 8.769516583917095e-12 -4.296717757335106e-11
6.712042563486621 0.99999999999849 0.0014805550811221745 7.569057077310238e-12 -3.719893462261594e-11
6.729476440274899 0.999999999998701 0.0014805550811242746 6.529989368412649e-12 -3.21902758886578e-11
6.7469103170631755 0.9999999999988831 0.0014805550811260902 5.63102863291899e-12 -2.78432189287596e-11
6.764344193851453 0.9999999999990401 0.0014805550811276614 4.853640039762742e-12 -2.4072143094184106e-11
6.78177807063973 0.9999999999991754 0.0014805550811290186 4.1816912212956364e-12 -2.0802266955676705e-11
6.799211947428007 0.999999999999292 0.0014805550811301908 3.6011476240448577e-12 -1.796830840847984e-11
6.816645824216284 0.9999999999993923 0.001480555081131201 3.099805585436991e-12 -1.5513306162521602e-11
6.834079701004561 0.9999999999994786 0.0014805550811320721 2.6670585839632376e-12 -1.3387583727119958e-11
6.851513577792837 0.9999999999995529 0.0014805550811328257 2.293692644229284e-12 -1.1547839141564079e-11
6.868947454581114 0.9999999999996168 0.0014805550811334738 1.971707351624681e-12 -9.95634561064285e-12
6.886381331369392 0.9999999999996717 0.001480555081134033 1.6941593506082723e-12 -8.580249902154242e-12
6.903815208157668 0.9999999999997188 0.0014805550811345146 1.455025571796645e-12 -7.390956873809925e-12
6.921249084945946 0.9999999999997593 0.0014805550811349288 1.249083761484083e-12 -6.3635898396522014e-12
6.938682961734222 0.999999999999794 0.0014805550811352864 1.0718081776711813e-12 -5.476517679013922e-12
6.956116838522498 0.9999999999998238 0.001480555081135592 9.192785733848728e-13 -4.71094065025661e-12
6.973550715310776 0.9999999999998495 0.0014805550811358564 7.88100814825728e-13 -4.0505278114374005e-12
6.9909845920990525 0.9999999999998713 0.0014805550811360826 6.753376820593222e-13 -3.4810997836137403e-12
7.00841846888733 0.9999999999998901 0.0014805550811362767 5.784485765918994e-13 -2.9903513312943396e-12
7.025852345675607 0.9999999999999062 0.0014805550811364434 4.952370159203032e-13 -2.567608888966768e-12
7.043286222463884 0.99999999999992 0.001480555081136587 4.2380493241109535e-13 -2.203618741966581e-12
7.060720099252161 0.9999999999999317 0.0014805550811367108 3.625129147701932e-13 -1.8903620825147622e-12
7.078153976040438 0.9999999999999417 0.0014805550811368147 3.0994563680172003e-13 -1.6208936149671117e-12
7.095587852828714 0.9999999999999504 0.0014805550811369049 2.6488181180158235e-13 -1.3892007848237468e-12
7.1130217296169915 0.9999999999999577 0.001480555081136983 2.2626809327919268e-13 -1.190081059765895e-12
7.130455606405269 0.999999999999964 0.0014805550811370501 1.931964150717934e-13 -1.0190350031990788e-12
7.147889483193545 0.9999999999999694 0.001480555081137105 1.6488432748371727e-13 -8.721731561985878e-13
7.165323359981823 0.9999999999999739 0.001480555081137154 1.4065794188722776e-13 -7.461349865688712e-13
7.182757236770099 0.9999999999999778 0.0014805550811371952 1.1993714518310342e-13 -6.380183776769154e-13
7.200191113558376 0.9999999999999811 0.0014805550811372303 1.0222278845327046e-13 -5.453183181241524e-13
7.217624990346653 0.999999999999984 0.001480555081137261 8.708559176562086e-14 -4.658736191354313e-13
7.23505886713493 0.9999999999999865 0.001480555081137287 7.415654005017042e-14 -3.978206323909322e-13
7.252492743923208 0.9999999999999885 0.0014805550811373084 6.311857381937744e-14 -3.3955306923857486e-13
7.269926620711484 0.9999999999999902 0.0014805550811373283 5.369940375116376e-14 -2.896871348679232e-13
7.287360497499761 0.9999999999999917 0.0014805550811373435 4.566530022986389e-14 -2.4703128993498783e-13
7.304794374288038 0.999999999999993 0.0014805550811373587 3.88157282353058e-14 -2.1056003892640502e-13
7.322228251076315 0.999999999999994 0.001480555081137368 3.2978714824612624e-14 -1.7939122067951876e-13
7.3396621278645915 0.9999999999999949 0.0014805550811373787 2.8006851165834975e-14 -1.5276634320615672e-13
7.3570960046528695 0.9999999999999957 0.0014805550811373862 2.3773843921810365e-14 -1.3003356342882469e-13
7.374529881441146 0.9999999999999963 0.001480555081137394 2.017154197954118e-14 -1.1063296362441331e-13
7.391963758229422 0.9999999999999969 0.0014805550811374001 1.710737427968493e-14 -9.408382116226346e-14
7.4093976350177 0.9999999999999974 0.0014805550811374062 1.4502143002395468e-14 -7.997360729721146e-14
7.426831511805976 0.9999999999999978 0.0014805550811374092 1.2288123767771347e-14 -6.794848501922632e-14
7.444265388594253 0.9999999999999981 0.0014805550811374123 1.0407430950307997e-14 -5.770510587382932e-14
7.4616992653825305 0.9999999999999984 0.0014805550811374168 8.810611808702751e-15 -4.8983531784061663e-14
7.479133142170807 0.9999999999999987 0.0014805550811374183 7.455438001815076e-15 -4.1561130694213696e-14
7.496567018959085 0.9999999999999989 0.001480555081137423 6.305867292042081e-15 -3.524731473061733e-14
7.514000895747361 0.9999999999999991 0.0014805550811374261 5.331151910696448e-15 -2.987900689850591e-14
7.531434772535638 0.9999999999999992 0.0014805550811374261 4.50507324781524e-15 -2.5316737425309637e-14
7.548868649323915 0.9999999999999993 0.0014805550811374277 3.805285293872373e-15 -2.1441284000181148e-14
7.566302526112192 0.9999999999999994 0.0014805550811374292 3.2127516578861554e-15 -1.815078159305437e-14
7.583736402900469 0.9999999999999996 0.0014805550811374307 2.7112630632846133e-15 -1.5358237480136415e-14
7.601170279688747 0.9999999999999996 0.0014805550811374307 2.2870240214057737e-15 -1.298939574574979e-14
7.618604156477023 0.9999999999999997 0.0014805550811374322 1.9282989391396348e-15 -1.0980903038819631e-14
7.636038033265299 0.9999999999999997 0.0014805550811374322 1.625109263777213e-15 -9.278733881401265e-15
7.653471910053577 0.9999999999999998 0.0014805550811374322 1.3689744323460485e-15 -7.836839483677626e-15
7.670905786841853 0.9999999999999998 0.0014805550811374322 1.1526903987347193e-15 -6.615988926106606e-15
7.68833966363013 0.9999999999999999 0.0014805550811374337 9.701403807750254e-16 -5.582775822176844e-15
7.705773540418408 0.9999999999999999 0.0014805550811374337 8.161332194585719e-16 -4.708767259541944e-15
7.723207417206685 0.9999999999999999 0.0014805550811374337 6.862653895291889e-16 -3.969775007378799e-15
7.740641293994962 0.9999999999999999 0.0014805550811374337 5.768032586486754e-16 -3.345231738450057e-15
7.758075170783238 0.9999999999999999 0.0014805550811374337 4.845826731958664e-16 -2.817657402040541e-15
7.775509047571515 0.9999999999999999 0.0014805550811374337 4.0692336296068974e-16 -2.3722029479372704e-15
7.792942924359792 0.9999999999999999 0.0014805550811374337 3.415560135892831e-16 -1.996260384847973e-15
7.810376801148069 1.0 0.0014805550811374352 2.865601624707964e-16 -1.6791296964453448e-15
7.827810677936346 1.0 0.0014805550811374352 2.4031133763808883e-16 -1.4117344671075963e-15
7.845244554724624 1.0 0.0014805550811374352 2.0143608607440438e-16 -1.1863792156541942e-15
7.8626784315129 1.0 0.0014805550811374352 1.6877373267980063e-16 -9.96542423524319e-16
7.880112308301176 1.0 0.0014805550811374352 1.4134387846918794e-16 -8.367000952531664e-16
7.897546185089454 1.0 0.0014805550811374352 1.1831879016559624e-16 -7.021754222903688e-16
7.91498006187773 1.0 0.0014805550811374352 9.899995651870105e-17 -5.890107522561309e-16
7.932413938666008 1.0 0.0014805550811374352 8.279819226809581e-17 -4.938586085697799e-16
7.949847815454285 1.0 0.0014805550811374352 6.92167611455954e-17 -4.138889720994302e-16
7.967281692242562 1.0 0.0014805550811374352 5.783706679370789e-17 -3.467104375279671e-16
7.984715569030839 1.0 0.0014805550811374352 4.8306526798522424e-17 -2.9030320155955885e-16
8.002149445819116 1.0 0.0014805550811374352 4.032830177396508e-17 -2.4296213574304906e-16
8.019583322607392 1.0 0.0014805550811374352 3.365259994904549e-17 -2.0324845033051771e-16
8.03701719939567 1.0 0.0014805550811374352 2.806931917117994e-17 -1.6994867307632437e-16
8.054451076183947 1.0 0.0014805550811374352 2.3401823653687393e-17 -1.4203985326668542e-16
8.071884952972223 1.0 0.0014805550811374352 1.950168303028385e-17 -1.1866006091562667e-16
8.0893188297605 1.0 0.0014805550811374352 1.6244227078159068e-17 -9.908338773295895e-17
8.106752706548777 1.0 0.0014805550811374352 1.3524791473402249e-17 -8.269877340799617e-17
8.124186583337053 1.0 0.0014805550811374352 1.1255548696714341e-17 -6.899208075206977e-17
8.141620460125331 1.0 0.0014805550811374352 9.362834185930355e-18 -5.753092871916218e-17
8.159054336913607 1.0 0.0014805550811374352 7.784891436652386e-18 -4.795186533563554e-17
8.176488213701885 1.0 0.0014805550811374352 6.469971332125242e-18 -3.9949524915084806e-17
8.193922090490162 1.0 0.0014805550811374352 5.37473083270842e-18 -3.3267467130884614e-17
8.211355967278438 1.0 0.0014805550811374352 4.462884529653075e-18 -2.769044089421589e-17
8.228789844066716 1.0 0.0014805550811374352 3.704069683736688e-18 -2.3037854663670782e-17
8.246223720854992 1.0 0.0014805550811374352 3.072891413030275e-18 -1.9158267767228194e-17
8.263657597643268 1.0 0.0014805550811374352 2.548119824347848e-18 -1.5924745379302665e-17
8.281091474431546 1.0 0.0014805550811374352 2.1120152359569554e-18 -1.3230943680928324e-17
8.298525351219823 1.0 0.0014805550811374352 1.749761330023157e-18 -1.0987812046210094e-17
8.3159592280081 1.0 0.0014805550811374352 1.4489892019593554e-18 -9.120816372713123e-18
8.333393104796377 1.0 0.0014805550811374352 1.1993779244393263e-18 -7.5676023536911e-18
8.350826981584655 1.0 0.0014805550811374352 9.923194871785045e-19 -6.276029952450636e-18
8.368260858372931 1.0 0.0014805550811374352 8.206378733830176e-19 -5.2025209264520446e-18
8.385694735161207 1.0 0.0014805550811374352 6.783536395290467e-19 -4.3106702240342265e-18
8.403128611949485 1.0 0.0014805550811374352 5.604867231397046e-19 -3.5700796906086094e-18
8.420562488737762 1.0 0.0014805550811374352 4.628913510066217e-19 -2.9553789762503833e-18
8.43799636552604 1.0 0.0014805550811374352 3.82117888702762e-19 -2.4454039986833007e-18
8.455430242314316 1.0 0.0014805550811374352 3.152972908686667e-19 -2.022507947781325e-18
8.472864119102594 1.0 0.0014805550811374352 2.600445013134141e-19 -1.6719837304416913e-18
8.49029799589087 1.0 0.0014805550811374352 2.1437773424875332e-19 -1.3815800691159112e-18
8.507731872679146 1.0 0.0014805550811374352 1.766510583150302e-19 -1.1410962664478024e-18
8.525165749467424 1.0 0.0014805550811374352 1.4549811795678798e-19 -9.42043012426789e-19
8.5425996262557 1.0 0.0014805550811374352 1.1978517513947574e-19 -7.773586118081763e-19
8.560033503043977 1.0 0.0014805550811374352 9.857194647602658e-20 -6.411716913590771e-19
8.577467379832255 1.0 0.0014805550811374352 8.107895748047246e-20 -5.286028715473737e-19
8.594901256620531 1.0 0.0014805550811374352 6.666034256820148e-20 -4.355990859231254e-19
8.61233513340881 1.0 0.0014805550811374352 5.478119317696637e-20 -3.5879524089973596e-19
8.629769010197085 1.0 0.0014805550811374352 4.4998702628097974e-20 -2.9539876097019443e-19
8.647202886985362 1.0 0.0014805550811374352 3.694647892689652e-20 -2.4309328075298777e-19
8.66463676377364 1.0 0.0014805550811374352 3.0321499436106244e-20 -1.9995834730258893e-19
8.682070640561916 1.0 0.0014805550811374352 2.4873267749270334e-20 -1.644025040144759e-19
8.699504517350192 1.0 0.0014805550811374352 2.0394805369354383e-20 -1.3510755351105868e-19
8.71693839413847 1.0 0.0014805550811374352 1.6715171259481995e-20 -1.1098215424778601e-19
15.030000000000001 1.0 0.0014805550811374352 1.6715171259481995e-20 -1.1098215424778601e-19
15.060000000000002 1.0 0.0014805550811374352 1.6715171259481995e-20 -1.1098215424778601e-19
15.090000000000003 1.0 0.0014805550811374352 1.6715171259481995e-20 -1.1098215424778601e-19
15.120000000000005 1.0 0.0014805550811374352 1.6715171259481995e-20 -1.1098215424778601e-19
15.150000000000006 1.0 0.0014805550811374352 1.6715171259481995e-20 -1.1098215424778601e-19
15.180000000000007 1.0 0.0014805550811374352 1.6715171259481995e-20 -1.1098215424778601e-19
15.210000000000008 1.0 0.0014805550811374352 1.6715171259481995e-20 -1.1098215424778601e-19
15.240000000000009 1.0 0.0014805550811374352 1.6715171259481995e-20 -1.1098215424778601e-19
15.27000000000001 1.0 0.0014805550811374352 1.6715171259481995e-20 -1.1098215424778601e-19
15.300000000000011 1.0 0.0014805550811374352 1.6715171259481995e-20 -1.1098215424778601e-19
15.330000000000013 1.0 0.0014805550811374352 1.6715171259481995e-20 -1.1098215424778601e-19
15.360000000000014 1.0 0.0014805550811374352 1.6715171259481995e-20 -1.1098215424778601e-19
15.390000000000015 1.0 0.0014805550811374352 1.6715171259481995e-20 -1.1098215424778601e-19
15.420000000000016 1.0 0.0014805550811374352 1.6715171259481995e-20 -1.1098215424778601e-19
15.450000000000017 1.0 0.0014805550811374352 1.6715171259481995e-20 -1.1098215424778601e-19
15.480000000000018 1.0 0.0014805550811374352 1.6715171259481995e-20 -1.1098215424778601e-19
15.51000000000002 1.0 0.0014805550811374352 1.6715171259481995e-20 -1.1098215424778601e-19
15.54000000000002 1.0 0.0014805550811374352 1.6715171259481995e-20 -1.1098215424778601e-19
15.570000000000022 1.0 0.0014805550811374352 1.6715171259481995e-20 -1.1098215424778601e-19
15.600000000000023 1.0 0.0014805550811374352 1.6715171259481995e-20 -1.1098215424778601e-19
15.630000000000024 1.0 0.0014805550811374352 1.6715171259481995e-20 -1.1098215424778601e-19
15.660000000000025 1.0 0.0014805550811374352 1.6715171259481995e-20 -1.1098215424778601e-19
15.690000000000026 1.0 0.0014805550811374352 1.6715171259481995e-20 -1.1098215424778601e-19
15.720000000000027 1.0 0.0014805550811374352 1.6715171259481995e-20 -1.1098215424778601e-19
15.750000000000028 1.0 0.0014805550811374352 1.6715171259481995e-20 -1.1098215424778601e-19
15.78000000000003 1.0 0.0014805550811374352 1.6715171259481995e-20 -1.1098215424778601e-19
15.81000000000003 1.0 0.0014805550811374352 1.6715171259481995e-20 -1.1098215424778601e-19
15.840000000000032 1.0 0.0014805550811374352 1.6715171259481995e-20 -1.1098215424778601e-19
15.870000000000033 1.0 0.0014805550811374352 1.6715171259481995e-20 -1.1098215424778601e-19
15.900000000000034 1.0 0.0014805550811374352 1.6715171259481995e-20 -1.1098215424778601e-19
15.930000000000035 1.0 0.0014805550811374352 1.6715171259481995e-20 -1.1098215424778601e-19
15.960000000000036 1.0 0.0014805550811374352 1.6715171259481995e-20 -1.1098215424778601e-19
15.990000000000038 1.0 0.0014805550811374352 1.6715171259481995e-20 -1.1098215424778601e-19
16.02000000000004 1.0 0.0014805550811374352 1.6715171259481995e-20 -1.1098215424778601e-19
16.05000000000004 1.0 0.0014805550811374352 1.6715171259481995e-20 -1.1098215424778601e-19
16.08000000000004 1.0 0.0014805550811374352 1.6715171259481995e-20 -1.1098215424778601e-19
16.110000000000042 1.0 0.0014805550811374352 1.6715171259481995e-20 -1.1098215424778601e-19
16.140000000000043 1.0 0.0014805550811374352 1.6715171259481995e-20 -1.1098215424778601e-19
16.170000000000044 1.0 0.0014805550811374352 1.6715171259481995e-20 -1.1098215424778601e-19
16.200000000000045 1.0 0.0014805550811374352 1.6715171259481995e-20 -1.1098215424778601e-19
16.230000000000047 1.0 0.0014805550811374352 1.6715171259481995e-20 -1.1098215424778601e-19
16.260000000000048 1.0 0.0014805550811374352 1.6715171259481995e-20 -1.1098215424778601e-19
16.29000000000005 1.0 0.0014805550811374352 1.6715171259481995e-20 -1.1098215424778601e-19
16.32000000000005 1.0 0.0014805550811374352 1.6715171259481995e-20 -1.1098215424778601e-19
16.35000000000005 1.0 0.0014805550811374352 1.6715171259481995e-20 -1.1098215424778601e-19
16.380000000000052 1.0 0.0014805550811374352 1.6715171259481995e-20 -1.1098215424778601e-19
16.410000000000053 1.0 0.0014805550811374352 1.6715171259481995e-20 -1.1098215424778601e-19
16.440000000000055 1.0 0.0014805550811374352 1.6715171259481995e-20 -1.1098215424778601e-19
16.470000000000056 1.0 0.0014805550811374352 1.6715171259481995e-20 -1.1098215424778601e-19
16.500000000000057 1.0 0.0014805550811374352 1.6715171259481995e-20 -1.1098215424778601e-19
16.530000000000058 1.0 0.0014805550811374352 1.6715171259481995e-20 -1.1098215424778601e-19
16.56000000000006 1.0 0.0014805550811374352 1.6715171259481995e-20 -1.1098215424778601e-19
16.59000000000006 1.0 0.0014805550811374352 1.6715171259481995e-20 -1.1098215424778601e-19
16.62000000000006 1.0 0.0014805550811374352 1.6715171259481995e-20 -1.1098215424778601e-19
16.650000000000063 1.0 0.0014805550811374352 1.6715171259481995e-20 -1.1098215424778601e-19
16.680000000000064 1.0 0.0014805550811374352 1.6715171259481995e-20 -1.1098215424778601e-19
16.710000000000065 1.0 0.0014805550811374352 1.6715171259481995e-20 -1.1098215424778601e-19
16.740000000000066 1.0 0.0014805550811374352 1.6715171259481995e-20 -1.1098215424778601e-19
16.770000000000067 1.0 0.0014805550811374352 1.6715171259481995e-20 -1.1098215424778601e-19
16.800000000000068 1.0 0.0014805550811374352 1.6715171259481995e-20 -1.1098215424778601e-19
16.83000000000007 1.0 0.0014805550811374352 1.6715171259481995e-20 -1.1098215424778601e-19
16.86000000000007 1.0 0.0014805550811374352 1.6715171259481995e-20 -1.1098215424778601e-19
16.89000000000007 1.0 0.0014805550811374352 1.6715171259481995e-20 -1.1098215424778601e-19
16.920000000000073 1.0 0.0014805550811374352 1.6715171259481995e-20 -1.1098215424778601e-19
16.950000000000074 1.0 0.0014805550811374352 1.6715171259481995e-20 -1.1098215424778601e-19
16.980000000000075 1.0 0.0014805550811374352 1.6715171259481995e-20 -1.1098215424778601e-19
17.010000000000076 1.0 0.0014805550811374352 1.6715171259481995e-20 -1.1098215424778601e-19
17.040000000000077 1.0 0.0014805550811374352 1.6715171259481995e-20 -1.1098215424778601e-19
17.07000000000008 1.0 0.0014805550811374352 1.6715171259481995e-20 -1.1098215424778601e-19
17.10000000000008 1.0 0.0014805550811374352 1.6715171259481995e-20 -1.1098215424778601e-19
17.13000000000008 1.0 0.0014805550811374352 1.6715171259481995e-20 -1.1098215424778601e-19
17.160000000000082 1.0 0.0014805550811374352 1.6715171259481995e-20 -1.1098215424778601e-19
17.190000000000083 1.0 0.0014805550811374352 1.6715171259481995e-20 -1.1098215424778601e-19
17.220000000000084 1.0 0.0014805550811374352 1.6715171259481995e-20 -1.1098215424778601e-19
17.250000000000085 1.0 0.0014805550811374352 1.6715171259481995e-20 -1.1098215424778601e-19
17.280000000000086 1.0 0.0014805550811374352 1.6715171259481995e-20 -1.1098215424778601e-19
17.310000000000088 1.0 0.0014805550811374352 1.6715171259481995e-20 -1.1098215424778601e-19
17.34000000000009 1.0 0.0014805550811374352 1.6715171259481995e-20 -1.1098215424778601e-19
17.37000000000009 1.0 0.0014805550811374352 1.6715171259481995e-20 -1.1098215424778601e-19
17.40000000000009 1.0 0.0014805550811374352 1.6715171259481995e-20 -1.1098215424778601e-19
17.430000000000092 1.0 0.0014805550811374352 1.6715171259481995e-20 -1.1098215424778601e-19
17.460000000000093 1.0 0.0014805550811374352 1.6715171259481995e-20 -1.1098215424778601e-19
17.490000000000094 1.0 0.0014805550811374352 1.6715171259481995e-20 -1.1098215424778601e-19
17.520000000000095 1.0 0.0014805550811374352 1.6715171259481995e-20 -1.1098215424778601e-19
17.550000000000097 1.0 0.0014805550811374352 1.6715171259481995e-20 -1.1098215424778601e-19
17.580000000000098 1.0 0.0014805550811374352 1.6715171259481995e-20 -1.1098215424778601e-19
17.6100000000001 1.0 0.0014805550811374352 1.6715171259481995e-20 -1.1098215424778601e-19
17.6400000000001 1.0 0.0014805550811374352 1.6715171259481995e-20 -1.1098215424778601e-19
17.6700000000001 1.0 0.0014805550811374352 1.6715171259481995e-20 -1.1098215424778601e-19
17.700000000000102 1.0 0.0014805550811374352 1.6715171259481995e-20 -1.1098215424778601e-19
17.730000000000103 1.0 0.0014805550811374352 1.6715171259481995e-20 -1.1098215424778601e-19
17.760000000000105 1.0 0.0014805550811374352 1.6715171259481995e-20 -1.1098215424778601e-19
17.790000000000106 1.0 0.0014805550811374352 1.6715171259481995e-20 -1.1098215424778601e-19
17.820000000000107 1.0 0.0014805550811374352 1.6715171259481995e-20 -1.1098215424778601e-19
17.850000000000108 1.0 0.0014805550811374352 1.6715171259481995e-20 -1.1098215424778601e-19
17.88000000000011 1.0 0.0014805550811374352 1.6715171259481995e-20 -1.1098215424778601e-19
17.91000000000011 1.0 0.0014805550811374352 1.6715171259481995e-20 -1.1098215424778601e-19
17.94000000000011 1.0 0.0014805550811374352 1.6715171259481995e-20 -1.1098215424778601e-19
17.970000000000113 1.0 0.0014805550811374352 1.6715171259481995e-20 -1.1098215424778601e-19
18.000000000000114 1.0 0.0014805550811374352 1.6715171259481995e-20 -1.1098215424778601e-19
18.030000000000115 1.0 0.0014805550811374352 1.6715171259481995e-20 -1.1098215424778601e-19
18.060000000000116 1.0 0.0014805550811374352 1.6715171259481995e-20 -1.1098215424778601e-19
18.090000000000117 1.0 0.0014805550811374352 1.6715171259481995e-20 -1.1098215424778601e-19
18.12000000000012 1.0 0.0014805550811374352 1.6715171259481995e-20 -1.1098215424778601e-19
18.15000000000012 1.0 0.0014805550811374352 1.6715171259481995e-20 -1.1098215424778601e-19
18.18000000000012 1.0 0.0014805550811374352 1.6715171259481995e-20 -1.1098215424778601e-19
18.21000000000012 1.0 0.0014805550811374352 1.6715171259481995e-20 -1.1098215424778601e-19
18.240000000000123 1.0 0.0014805550811374352 1.6715171259481995e-20 -1.1098215424778601e-19
18.270000000000124 1.0 0.0014805550811374352 1.6715171259481995e-20 -1.1098215424778601e-19
18.300000000000125 1.0 0.0014805550811374352 1.6715171259481995e-20 -1.1098215424778601e-19
18.330000000000126 1.0 0.0014805550811374352 1.6715171259481995e-20 -1.1098215424778601e-19
18.360000000000127 1.0 0.0014805550811374352 1.6715171259481995e-20 -1.1098215424778601e-19
18.39000000000013 1.0 0.0014805550811374352 1.6715171259481995e-20 -1.1098215424778601e-19
18.42000000000013 1.0 0.0014805550811374352 1.6715171259481995e-20 -1.1098215424778601e-19
18.45000000000013 1.0 0.0014805550811374352 1.6715171259481995e-20 -1.1098215424778601e-19
18.480000000000132 1.0 0.0014805550811374352 1.6715171259481995e-20 -1.1098215424778601e-19
18.510000000000133 1.0 0.0014805550811374352 1.6715171259481995e-20 -1.1098215424778601e-19
18.540000000000134 1.0 0.0014805550811374352 1.6715171259481995e-20 -1.1098215424778601e-19
18.570000000000135 1.0 0.0014805550811374352 1.6715171259481995e-20 -1.1098215424778601e-19
18.600000000000136 1.0 0.0014805550811374352 1.6715171259481995e-20 -1.1098215424778601e-19
18.630000000000138 1.0 0.0014805550811374352 1.6715171259481995e-20 -1.1098215424778601e-19
18.66000000000014 1.0 0.0014805550811374352 1.6715171259481995e-20 -1.1098215424778601e-19
18.69000000000014 1.0 0.0014805550811374352 1.6715171259481995e-20 -1.1098215424778601e-19
18.72000000000014 1.0 0.0014805550811374352 1.6715171259481995e-20 -1.1098215424778601e-19
18.750000000000142 1.0 0.0014805550811374352 1.6715171259481995e-20 -1.1098215424778601e-19
18.780000000000143 1.0 0.0014805550811374352 1.6715171259481995e-20 -1.1098215424778601e-19
18.810000000000144 1.0 0.0014805550811374352 1.6715171259481995e-20 -1.1098215424778601e-19
18.840000000000146 1.0 0.0014805550811374352 1.6715171259481995e-20 -1.1098215424778601e-19
18.870000000000147 1.0 0.0014805550811374352 1.6715171259481995e-20 -1.1098215424778601e-19
18.900000000000148 1.0 0.0014805550811374352 1.6715171259481995e-20 -1.1098215424778601e-19
18.93000000000015 1.0 0.0014805550811374352 1.6715171259481995e-20 -1.1098215424778601e-19
18.96000000000015 1.0 0.0014805550811374352 1.6715171259481995e-20 -1.1098215424778601e-19
18.99000000000015 1.0 0.0014805550811374352 1.6715171259481995e-20 -1.1098215424778601e-19
19.020000000000152 1.0 0.0014805550811374352 1.6715171259481995e-20 -1.1098215424778601e-19
19.050000000000153 1.0 0.0014805550811374352 1.6715171259481995e-20 -1.1098215424778601e-19
19.080000000000155 1.0 0.0014805550811374352 1.6715171259481995e-20 -1.1098215424778601e-19
19.110000000000156 1.0 0.0014805550811374352 1.6715171259481995e-20 -1.1098215424778601e-19
19.140000000000157 1.0 0.0014805550811374352 1.6715171259481995e-20 -1.1098215424778601e-19
19.170000000000158 1.0 0.0014805550811374352 1.6715171259481995e-20 -1.1098215424778601e-19
19.20000000000016 1.0 0.0014805550811374352 1.6715171259481995e-20 -1.1098215424778601e-19
19.23000000000016 1.0 0.0014805550811374352 1.6715171259481995e-20 -1.1098215424778601e-19
19.26000000000016 1.0 0.0014805550811374352 1.6715171259481995e-20 -1.1098215424778601e-19
19.290000000000163 1.0 0.0014805550811374352 1.6715171259481995e-20 -1.1098215424778601e-19
19.320000000000164 1.0 0.0014805550811374352 1.6715171259481995e-20 -1.1098215424778601e-19
19.350000000000165 1.0 0.0014805550811374352 1.6715171259481995e-20 -1.1098215424778601e-19
19.380000000000166 1.0 0.0014805550811374352 1.6715171259481995e-20 -1.1098215424778601e-19
19.410000000000167 1.0 0.0014805550811374352 1.6715171259481995e-20 -1.1098215424778601e-19
19.44000000000017 1.0 0.0014805550811374352 1.6715171259481995e-20 -1.1098215424778601e-19
19.47000000000017 1.0 0.0014805550811374352 1.6715171259481995e-20 -1.1098215424778601e-19
19.50000000000017 1.0 0.0014805550811374352 1.6715171259481995e-20 -1.1098215424778601e-19
19.53000000000017 1.0 0.0014805550811374352 1.6715171259481995e-20 -1.1098215424778601e-19
19.560000000000173 1.0 0.0014805550811374352 1.6715171259481995e-20 -1.1098215424778601e-19
19.590000000000174 1.0 0.0014805550811374352 1.6715171259481995e-20 -1.1098215424778601e-19
19.620000000000175 1.0 0.0014805550811374352 1.6715171259481995e-20 -1.1098215424778601e-19
19.650000000000176 1.0 0.0014805550811374352 1.6715171259481995e-20 -1.1098215424778601e-19
19.680000000000177 1.0 0.0014805550811374352 1.6715171259481995e-20 -1.1098215424778601e-19
19.71000000000018 1.0 0.0014805550811374352 1.6715171259481995e-20 -1.1098215424778601e-19
19.74000000000018 1.0 0.0014805550811374352 1.6715171259481995e-20 -1.1098215424778601e-19
19.77000000000018 1.0 0.0014805550811374352 1.6715171259481995e-20 -1.1098215424778601e-19
19.800000000000182 1.0 0.0014805550811374352 1.6715171259481995e-20 -1.1098215424778601e-19
19.830000000000183 1.0 0.0014805550811374352 1.6715171259481995e-20 -1.1098215424778601e-19
19.860000000000184 1.0 0.0014805550811374352 1.6715171259481995e-20 -1.1098215424778601e-19
19.890000000000185 1.0 0.0014805550811374352 1.6715171259481995e-20 -1.1098215424778601e-19
19.920000000000186 1.0 0.0014805550811374352 1.6715171259481995e-20 -1.1098215424778601e-19
19.950000000000188 1.0 0.0014805550811374352 1.6715171259481995e-20 -1.1098215424778601e-19
19.98000000000019 1.0 0.0014805550811374352 1.6715171259481995e-20 -1.1098215424778601e-19
20.01000000000019 1.0 0.0014805550811374352 1.6715171259481995e-20 -1.1098215424778601e-19
20.04000000000019 1.0 0.0014805550811374352 1.6715171259481995e-20 -1.1098215424778601e-19
20.070000000000192 1.0 0.0014805550811374352 1.6715171259481995e-20 -1.1098215424778601e-19
20.100000000000193 1.0 0.0014805550811374352 1.6715171259481995e-20 -1.1098215424778601e-19
20.130000000000194 1.0 0.0014805550811374352 1.6715171259481995e-20 -1.1098215424778601e-19
20.160000000000196 1.0 0.0014805550811374352 1.6715171259481995e-20 -1.1098215424778601e-19
20.190000000000197 1.0 0.0014805550811374352 1.6715171259481995e-20 -1.1098215424778601e-19
20.220000000000198 1.0 0.0014805550811374352 1.6715171259481995e-20 -1.1098215424778601e-19
20.2500000000002 1.0 0.0014805550811374352 1.6715171259481995e-20 -1.1098215424778601e-19
20.2800000000002 1.0 0.0014805550811374352 1.6715171259481995e-20 -1.1098215424778601e-19
20.3100000000002 1.0 0.0014805550811374352 1.6715171259481995e-20 -1.1098215424778601e-19
20.340000000000202 1.0 0.0014805550811374352 1.6715171259481995e-20 -1.1098215424778601e-19
20.370000000000203 1.0 0.0014805550811374352 1.6715171259481995e-20 -1.1098215424778601e-19
20.400000000000205 1.0 0.0014805550811374352 1.6715171259481995e-20 -1.1098215424778601e-19
20.430000000000206 1.0 0.0014805550811374352 1.6715171259481995e-20 -1.1098215424778601e-19
20.460000000000207 1.0 0.0014805550811374352 1.6715171259481995e-20 -1.1098215424778601e-19
20.490000000000208 1.0 0.0014805550811374352 1.6715171259481995e-20 -1.1098215424778601e-19
20.52000000000021 1.0 0.0014805550811374352 1.6715171259481995e-20 -1.1098215424778601e-19
20.55000000000021 1.0 0.0014805550811374352 1.6715171259481995e-20 -1.1098215424778601e-19
20.58000000000021 1.0 0.0014805550811374352 1.6715171259481995e-20 -1.1098215424778601e-19
20.610000000000213 1.0 0.0014805550811374352 1.6715171259481995e-20 -1.1098215424778601e-19
20.640000000000214 1.0 0.0014805550811374352 1.6715171259481995e-20 -1.1098215424778601e-19
20.670000000000215 1.0 0.0014805550811374352 1.6715171259481995e-20 -1.1098215424778601e-19
20.700000000000216 1.0 0.0014805550811374352 1.6715171259481995e-20 -1.1098215424778601e-19
20.730000000000217 1.0 0.0014805550811374352 1.6715171259481995e-20 -1.1098215424778601e-19
20.76000000000022 1.0 0.0014805550811374352 1.6715171259481995e-20 -1.1098215424778601e-19
20.79000000000022 1.0 0.0014805550811374352 1.6715171259481995e-20 -1.1098215424778601e-19
20.82000000000022 1.0 0.0014805550811374352 1.6715171259481995e-20 -1.1098215424778601e-19
20.85000000000022 1.0 0.0014805550811374352 1.6715171259481995e-20 -1.1098215424778601e-19
20.880000000000223 1.0 0.0014805550811374352 1.6715171259481995e-20 -1.1098215424778601e-19
20.910000000000224 1.0 0.0014805550811374352 1.6715171259481995e-20 -1.1098215424778601e-19
20.940000000000225 1.0 0.0014805550811374352 1.6715171259481995e-20 -1.1098215424778601e-19
20.970000000000226 1.0 0.0014805550811374352 1.6715171259481995e-20 -1.1098215424778601e-19
21.000000000000227 1.0 0.0014805550811374352 1.6715171259481995e-20 -1.1098215424778601e-19
21.03000000000023 1.0 0.0014805550811374352 1.6715171259481995e-20 -1.1098215424778601e-19
21.06000000000023 1.0 0.0014805550811374352 1.6715171259481995e-20 -1.1098215424778601e-19
21.09000000000023 1.0 0.0014805550811374352 1.6715171259481995e-20 -1.1098215424778601e-19
21.120000000000232 1.0 0.0014805550811374352 1.6715171259481995e-20 -1.1098215424778601e-19
21.150000000000233 1.0 0.0014805550811374352 1.6715171259481995e-20 -1.1098215424778601e-19
21.180000000000234 1.0 0.0014805550811374352 1.6715171259481995e-20 -1.1098215424778601e-19
21.210000000000235 1.0 0.0014805550811374352 1.6715171259481995e-20 -1.1098215424778601e-19
21.240000000000236 1.0 0.0014805550811374352 1.6715171259481995e-20 -1.1098215424778601e-19
21.270000000000238 1.0 0.0014805550811374352 1.6715171259481995e-20 -1.1098215424778601e-19
21.30000000000024 1.0 0.0014805550811374352 1.6715171259481995e-20 -1.1098215424778601e-19
21.33000000000024 1.0 0.0014805550811374352 1.6715171259481995e-20 -1.1098215424778601e-19
21.36000000000024 1.0 0.0014805550811374352 1.6715171259481995e-20 -1.1098215424778601e-19
21.390000000000242 1.0 0.0014805550811374352 1.6715171259481995e-20 -1.1098215424778601e-19
21.420000000000243 1.0 0.0014805550811374352 1.6715171259481995e-20 -1.1098215424778601e-19
21.450000000000244 1.0 0.0014805550811374352 1.6715171259481995e-20 -1.1098215424778601e-19
21.480000000000246 1.0 0.0014805550811374352 1.6715171259481995e-20 -1.1098215424778601e-19
21.510000000000247 1.0 0.0014805550811374352 1.6715171259481995e-20 -1.1098215424778601e-19
21.540000000000248 1.0 0.0014805550811374352 1.6715171259481995e-20 -1.1098215424778601e-19
21.57000000000025 1.0 0.0014805550811374352 1.6715171259481995e-20 -1.1098215424778601e-19
21.60000000000025 1.0 0.0014805550811374352 1.6715171259481995e-20 -1.1098215424778601e-19
21.63000000000025 1.0 0.0014805550811374352 1.6715171259481995e-20 -1.1098215424778601e-19
21.660000000000252 1.0 0.0014805550811374352 1.6715171259481995e-20 -1.1098215424778601e-19
21.690000000000254 1.0 0.0014805550811374352 1.6715171259481995e-20 -1.1098215424778601e-19
21.720000000000255 1.0 0.0014805550811374352 1.6715171259481995e-20 -1.1098215424778601e-19
21.750000000000256 1.0 0.0014805550811374352 1.6715171259481995e-20 -1.1098215424778601e-19
21.780000000000257 1.0 0.0014805550811374352 1.6715171259481995e-20 -1.1098215424778601e-19
21.810000000000258 1.0 0.0014805550811374352 1.6715171259481995e-20 -1.1098215424778601e-19
21.84000000000026 1.0 0.0014805550811374352 1.6715171259481995e-20 -1.1098215424778601e-19
21.87000000000026 1.0 0.0014805550811374352 1.6715171259481995e-20 -1.1098215424778601e-19
21.90000000000026 1.0 0.0014805550811374352 1.6715171259481995e-20 -1.1098215424778601e-19
21.930000000000263 1.0 0.0014805550811374352 1.6715171259481995e-20 -1.1098215424778601e-19
21.960000000000264 1.0 0.0014805550811374352 1.6715171259481995e-20 -1.1098215424778601e-19
21.990000000000265 1.0 0.0014805550811374352 1.6715171259481995e-20 -1.1098215424778601e-19
22.020000000000266 1.0 0.0014805550811374352 1.6715171259481995e-20 -1.1098215424778601e-19
22.050000000000267 1.0 0.0014805550811374352 1.6715171259481995e-20 -1.1098215424778601e-19
22.08000000000027 1.0 0.0014805550811374352 1.6715171259481995e-20 -1.1098215424778601e-19
22.11000000000027 1.0 0.0014805550811374352 1.6715171259481995e-20 -1.1098215424778601e-19
22.14000000000027 1.0 0.0014805550811374352 1.6715171259481995e-20 -1.1098215424778601e-19
22.17000000000027 1.0 0.0014805550811374352 1.6715171259481995e-20 -1.1098215424778601e-19
22.200000000000273 1.0 0.0014805550811374352 1.6715171259481995e-20 -1.1098215424778601e-19
22.230000000000274 1.0 0.0014805550811374352 1.6715171259481995e-20 -1.1098215424778601e-19
22.260000000000275 1.0 0.0014805550811374352 1.6715171259481995e-20 -1.1098215424778601e-19
22.290000000000276 1.0 0.0014805550811374352 1.6715171259481995e-20 -1.1098215424778601e-19
22.320000000000277 1.0 0.0014805550811374352 1.6715171259481995e-20 -1.1098215424778601e-19
22.35000000000028 1.0 0.0014805550811374352 1.6715171259481995e-20 -1.1098215424778601e-19
22.38000000000028 1.0 0.0014805550811374352 1.6715171259481995e-20 -1.1098215424778601e-19
22.41000000000028 1.0 0.0014805550811374352 1.6715171259481995e-20 -1.1098215424778601e-19
22.440000000000282 1.0 0.0014805550811374352 1.6715171259481995e-20 -1.1098215424778601e-19
22.470000000000283 1.0 0.0014805550811374352 1.6715171259481995e-20 -1.1098215424778601e-19
22.500000000000284 1.0 0.0014805550811374352 1.6715171259481995e-20 -1.1098215424778601e-19
22.530000000000285 1.0 0.0014805550811374352 1.6715171259481995e-20 -1.1098215424778601e-19
22.560000000000286 1.0 0.0014805550811374352 1.6715171259481995e-20 -1.1098215424778601e-19
22.590000000000288 1.0 0.0014805550811374352 1.6715171259481995e-20 -1.1098215424778601e-19
22.62000000000029 1.0 0.0014805550811374352 1.6715171259481995e-20 -1.1098215424778601e-19
22.65000000000029 1.0 0.0014805550811374352 1.6715171259481995e-20 -1.1098215424778601e-19
22.68000000000029 1.0 0.0014805550811374352 1.6715171259481995e-20 -1.1098215424778601e-19
22.710000000000292 1.0 0.0014805550811374352 1.6715171259481995e-20 -1.1098215424778601e-19
22.740000000000293 1.0 0.0014805550811374352 1.6715171259481995e-20 -1.1098215424778601e-19
22.770000000000294 1.0 0.0014805550811374352 1.6715171259481995e-20 -1.1098215424778601e-19
22.800000000000296 1.0 0.0014805550811374352 1.6715171259481995e-20 -1.1098215424778601e-19
22.830000000000297 1.0 0.0014805550811374352 1.6715171259481995e-20 -1.1098215424778601e-19
22.860000000000298 1.0 0.0014805550811374352 1.6715171259481995e-20 -1.1098215424778601e-19
22.8900000000003 1.0 0.0014805550811374352 1.6715171259481995e-20 -1.1098215424778601e-19
22.9200000000003 1.0 0.0014805550811374352 1.6715171259481995e-20 -1.1098215424778601e-19
22.9500000000003 1.0 0.0014805550811374352 1.6715171259481995e-20 -1.1098215424778601e-19
22.980000000000302 1.0 0.0014805550811374352 1.6715171259481995e-20 -1.1098215424778601e-19
23.010000000000304 1.0 0.0014805550811374352 1.6715171259481995e-20 -1.1098215424778601e-19
23.040000000000305 1.0 0.0014805550811374352 1.6715171259481995e-20 -1.1098215424778601e-19
23.070000000000306 1.0 0.0014805550811374352 1.6715171259481995e-20 -1.1098215424778601e-19
23.100000000000307 1.0 0.0014805550811374352 1.6715171259481995e-20 -1.1098215424778601e-19
23.130000000000308 1.0 0.0014805550811374352 1.6715171259481995e-20 -1.1098215424778601e-19
23.16000000000031 1.0 0.0014805550811374352 1.6715171259481995e-20 -1.1098215424778601e-19
23.19000000000031 1.0 0.0014805550811374352 1.6715171259481995e-20 -1.1098215424778601e-19
23.22000000000031 1.0 0.0014805550811374352 1.6715171259481995e-20 -1.1098215424778601e-19
23.250000000000313 1.0 0.0014805550811374352 1.6715171259481995e-20 -1.1098215424778601e-19
23.280000000000314 1.0 0.0014805550811374352 1.6715171259481995e-20 -1.1098215424778601e-19
23.310000000000315 1.0 0.0014805550811374352 1.6715171259481995e-20 -1.1098215424778601e-19
23.340000000000316 1.0 0.0014805550811374352 1.6715171259481995e-20 -1.1098215424778601e-19
23.370000000000317 1.0 0.0014805550811374352 1.6715171259481995e-20 -1.1098215424778601e-19
23.40000000000032 1.0 0.0014805550811374352 1.6715171259481995e-20 -1.1098215424778601e-19
23.43000000000032 1.0 0.0014805550811374352 1.6715171259481995e-20 -1.1098215424778601e-19
23.46000000000032 1.0 0.0014805550811374352 1.6715171259481995e-20 -1.1098215424778601e-19
23.49000000000032 1.0 0.0014805550811374352 1.6715171259481995e-20 -1.1098215424778601e-19
23.520000000000323 1.0 0.0014805550811374352 1.6715171259481995e-20 -1.1098215424778601e-19
23.550000000000324 1.0 0.0014805550811374352 1.6715171259481995e-20 -1.1098215424778601e-19
23.580000000000325 1.0 0.0014805550811374352 1.6715171259481995e-20 -1.1098215424778601e-19
23.610000000000326 1.0 0.0014805550811374352 1.6715171259481995e-20 -1.1098215424778601e-19
23.640000000000327 1.0 0.0014805550811374352 1.6715171259481995e-20 -1.1098215424778601e-19
23.67000000000033 1.0 0.0014805550811374352 1.6715171259481995e-20 -1.1098215424778601e-19
23.70000000000033 1.0 0.0014805550811374352 1.6715171259481995e-20 -1.1098215424778601e-19
23.73000000000033 1.0 0.0014805550811374352 1.6715171259481995e-20 -1.1098215424778601e-19
23.760000000000332 1.0 0.0014805550811374352 1.6715171259481995e-20 -1.1098215424778601e-19
23.790000000000333 1.0 0.0014805550811374352 1.6715171259481995e-20 -1.1098215424778601e-19
23.820000000000334 1.0 0.0014805550811374352 1.6715171259481995e-20 -1.1098215424778601e-19
23.850000000000335 1.0 0.0014805550811374352 1.6715171259481995e-20 -1.1098215424778601e-19
23.880000000000337 1.0 0.0014805550811374352 1.6715171259481995e-20 -1.1098215424778601e-19
23.910000000000338 1.0 0.0014805550811374352 1.6715171259481995e-20 -1.1098215424778601e-19
23.94000000000034 1.0 0.0014805550811374352 1.6715171259481995e-20 -1.1098215424778601e-19
23.97000000000034 1.0 0.0014805550811374352 1.6715171259481995e-20 -1.1098215424778601e-19
24.00000000000034 1.0 0.0014805550811374352 1.6715171259481995e-20 -1.1098215424778601e-19
24.030000000000342 1.0 0.0014805550811374352 1.6715171259481995e-20 -1.1098215424778601e-19
24.060000000000343 1.0 0.0014805550811374352 1.6715171259481995e-20 -1.1098215424778601e-19
24.090000000000344 1.0 0.0014805550811374352 1.6715171259481995e-20 -1.1098215424778601e-19
24.120000000000346 1.0 0.0014805550811374352 1.6715171259481995e-20 -1.1098215424778601e-19
24.150000000000347 1.0 0.0014805550811374352 1.6715171259481995e-20 -1.1098215424778601e-19
24.180000000000348 1.0 0.0014805550811374352 1.6715171259481995e-20 -1.1098215424778601e-19
24.21000000000035 1.0 0.0014805550811374352 1.6715171259481995e-20 -1.1098215424778601e-19
24.24000000000035 1.0 0.0014805550811374352 1.6715171259481995e-20 -1.1098215424778601e-19
24.27000000000035 1.0 0.0014805550811374352 1.6715171259481995e-20 -1.1098215424778601e-19
24.300000000000352 1.0 0.0014805550811374352 1.6715171259481995e-20 -1.1098215424778601e-19
24.330000000000354 1.0 0.0014805550811374352 1.6715171259481995e-20 -1.1098215424778601e-19
24.360000000000355 1.0 0.0014805550811374352 1.6715171259481995e-20 -1.1098215424778601e-19
24.390000000000356 1.0 0.0014805550811374352 1.6715171259481995e-20 -1.1098215424778601e-19
24.420000000000357 1.0 0.0014805550811374352 1.6715171259481995e-20 -1.1098215424778601e-19
24.450000000000358 1.0 0.0014805550811374352 1.6715171259481995e-20 -1.1098215424778601e-19
24.48000000000036 1.0 0.0014805550811374352 1.6715171259481995e-20 -1.1098215424778601e-19
24.51000000000036 1.0 0.0014805550811374352 1.6715171259481995e-20 -1.1098215424778601e-19
24.54000000000036 1.0 0.0014805550811374352 1.6715171259481995e-20 -1.1098215424778601e-19
24.570000000000363 1.0 0.0014805550811374352 1.6715171259481995e-20 -1.1098215424778601e-19
24.600000000000364 1.0 0.0014805550811374352 1.6715171259481995e-20 -1.1098215424778601e-19
24.630000000000365 1.0 0.0014805550811374352 1.6715171259481995e-20 -1.1098215424778601e-19
24.660000000000366 1.0 0.0014805550811374352 1.6715171259481995e-20 -1.1098215424778601e-19
24.690000000000367 1.0 0.0014805550811374352 1.6715171259481995e-20 -1.1098215424778601e-19
24.72000000000037 1.0 0.0014805550811374352 1.6715171259481995e-20 -1.1098215424778601e-19
24.75000000000037 1.0 0.0014805550811374352 1.6715171259481995e-20 -1.1098215424778601e-19
24.78000000000037 1.0 0.0014805550811374352 1.6715171259481995e-20 -1.1098215424778601e-19
24.81000000000037 1.0 0.0014805550811374352 1.6715171259481995e-20 -1.1098215424778601e-19
24.840000000000373 1.0 0.0014805550811374352 1.6715171259481995e-20 -1.1098215424778601e-19
24.870000000000374 1.0 0.0014805550811374352 1.6715171259481995e-20 -1.1098215424778601e-19
24.900000000000375 1.0 0.0014805550811374352 1.6715171259481995e-20 -1.1098215424778601e-19
24.930000000000376 1.0 0.0014805550811374352 1.6715171259481995e-20 -1.1098215424778601e-19
24.960000000000377 1.0 0.0014805550811374352 1.6715171259481995e-20 -1.1098215424778601e-19
24.99000000000038 1.0 0.0014805550811374352 1.6715171259481995e-20 -1.1098215424778601e-19
25.02000000000038 1.0 0.0014805550811374352 1.6715171259481995e-20 -1.1098215424778601e-19
25.05000000000038 1.0 0.0014805550811374352 1.6715171259481995e-20 -1.1098215424778601e-19
25.080000000000382 1.0 0.0014805550811374352 1.6715171259481995e-20 -1.1098215424778601e-19
25.110000000000383 1.0 0.0014805550811374352 1.6715171259481995e-20 -1.1098215424778601e-19
25.140000000000384 1.0 0.0014805550811374352 1.6715171259481995e-20 -1.1098215424778601e-19
25.170000000000385 1.0 0.0014805550811374352 1.6715171259481995e-20 -1.1098215424778601e-19
25.200000000000387 1.0 0.0014805550811374352 1.6715171259481995e-20 -1.1098215424778601e-19
25.230000000000388 1.0 0.0014805550811374352 1.6715171259481995e-20 -1.1098215424778601e-19
25.26000000000039 1.0 0.0014805550811374352 1.6715171259481995e-20 -1.1098215424778601e-19
25.29000000000039 1.0 0.0014805550811374352 1.6715171259481995e-20 -1.1098215424778601e-19
25.32000000000039 1.0 0.0014805550811374352 1.6715171259481995e-20 -1.1098215424778601e-19
25.350000000000392 1.0 0.0014805550811374352 1.6715171259481995e-20 -1.1098215424778601e-19
25.380000000000393 1.0 0.0014805550811374352 1.6715171259481995e-20 -1.1098215424778601e-19
25.410000000000394 1.0 0.0014805550811374352 1.6715171259481995e-20 -1.1098215424778601e-19
25.440000000000396 1.0 0.0014805550811374352 1.6715171259481995e-20 -1.1098215424778601e-19
25.470000000000397 1.0 0.0014805550811374352 1.6715171259481995e-20 -1.1098215424778601e-19
25.500000000000398 1.0 0.0014805550811374352 1.6715171259481995e-20 -1.1098215424778601e-19
25.5300000000004 1.0 0.0014805550811374352 1.6715171259481995e-20 -1.1098215424778601e-19
25.5600000000004 1.0 0.0014805550811374352 1.6715171259481995e-20 -1.1098215424778601e-19
25.5900000000004 1.0 0.0014805550811374352 1.6715171259481995e-20 -1.1098215424778601e-19
25.620000000000402 1.0 0.0014805550811374352 1.6715171259481995e-20 -1.1098215424778601e-19
25.650000000000404 1.0 0.0014805550811374352 1.6715171259481995e-20 -1.1098215424778601e-19
25.680000000000405 1.0 0.0014805550811374352 1.6715171259481995e-20 -1.1098215424778601e-19
25.710000000000406 1.0 0.0014805550811374352 1.6715171259481995e-20 -1.1098215424778601e-19
25.740000000000407 1.0 0.0014805550811374352 1.6715171259481995e-20 -1.1098215424778601e-19
25.770000000000408 1.0 0.0014805550811374352 1.6715171259481995e-20 -1.1098215424778601e-19
25.80000000000041 1.0 0.0014805550811374352 1.6715171259481995e-20 -1.1098215424778601e-19
25.83000000000041 1.0 0.0014805550811374352 1.6715171259481995e-20 -1.1098215424778601e-19
25.86000000000041 1.0 0.0014805550811374352 1.6715171259481995e-20 -1.1098215424778601e-19
25.890000000000413 1.0 0.0014805550811374352 1.6715171259481995e-20 -1.1098215424778601e-19
25.920000000000414 1.0 0.0014805550811374352 1.6715171259481995e-20 -1.1098215424778601e-19
25.950000000000415 1.0 0.0014805550811374352 1.6715171259481995e-20 -1.1098215424778601e-19
25.980000000000416 1.0 0.0014805550811374352 1.6715171259481995e-20 -1.1098215424778601e-19
26.010000000000417 1.0 0.0014805550811374352 1.6715171259481995e-20 -1.1098215424778601e-19
26.04000000000042 1.0 0.0014805550811374352 1.6715171259481995e-20 -1.1098215424778601e-19
26.07000000000042 1.0 0.0014805550811374352 1.6715171259481995e-20 -1.1098215424778601e-19
26.10000000000042 1.0 0.0014805550811374352 1.6715171259481995e-20 -1.1098215424778601e-19
26.130000000000422 1.0 0.0014805550811374352 1.6715171259481995e-20 -1.1098215424778601e-19
26.160000000000423 1.0 0.0014805550811374352 1.6715171259481995e-20 -1.1098215424778601e-19
26.190000000000424 1.0 0.0014805550811374352 1.6715171259481995e-20 -1.1098215424778601e-19
26.220000000000425 1.0 0.0014805550811374352 1.6715171259481995e-20 -1.1098215424778601e-19
26.250000000000426 1.0 0.0014805550811374352 1.6715171259481995e-20 -1.1098215424778601e-19
26.280000000000427 1.0 0.0014805550811374352 1.6715171259481995e-20 -1.1098215424778601e-19
26.31000000000043 1.0 0.0014805550811374352 1.6715171259481995e-20 -1.1098215424778601e-19
26.34000000000043 1.0 0.0014805550811374352 1.6715171259481995e-20 -1.1098215424778601e-19
26.37000000000043 1.0 0.0014805550811374352 1.6715171259481995e-20 -1.1098215424778601e-19
26.400000000000432 1.0 0.0014805550811374352 1.6715171259481995e-20 -1.1098215424778601e-19
26.430000000000433 1.0 0.0014805550811374352 1.6715171259481995e-20 -1.1098215424778601e-19
26.460000000000434 1.0 0.0014805550811374352 1.6715171259481995e-20 -1.1098215424778601e-19
26.490000000000435 1.0 0.0014805550811374352 1.6715171259481995e-20 -1.1098215424778601e-19
26.520000000000437 1.0 0.0014805550811374352 1.6715171259481995e-20 -1.1098215424778601e-19
26.550000000000438 1.0 0.0014805550811374352 1.6715171259481995e-20 -1.1098215424778601e-19
26.58000000000044 1.0 0.0014805550811374352 1.6715171259481995e-20 -1.1098215424778601e-19
26.61000000000044 1.0 0.0014805550811374352 1.6715171259481995e-20 -1.1098215424778601e-19
26.64000000000044 1.0 0.0014805550811374352 1.6715171259481995e-20 -1.1098215424778601e-19
26.670000000000442 1.0 0.0014805550811374352 1.6715171259481995e-20 -1.1098215424778601e-19
26.700000000000443 1.0 0.0014805550811374352 1.6715171259481995e-20 -1.1098215424778601e-19
26.730000000000445 1.0 0.0014805550811374352 1.6715171259481995e-20 -1.1098215424778601e-19
26.760000000000446 1.0 0.0014805550811374352 1.6715171259481995e-20 -1.1098215424778601e-19
26.790000000000447 1.0 0.0014805550811374352 1.6715171259481995e-20 -1.1098215424778601e-19
26.820000000000448 1.0 0.0014805550811374352 1.6715171259481995e-20 -1.1098215424778601e-19
26.85000000000045 1.0 0.0014805550811374352 1.6715171259481995e-20 -1.1098215424778601e-19
26.88000000000045 1.0 0.0014805550811374352 1.6715171259481995e-20 -1.1098215424778601e-19
26.91000000000045 1.0 0.0014805550811374352 1.6715171259481995e-20 -1.1098215424778601e-19
26.940000000000452 1.0 0.0014805550811374352 1.6715171259481995e-20 -1.1098215424778601e-19
26.970000000000454 1.0 0.0014805550811374352 1.6715171259481995e-20 -1.1098215424778601e-19
27.000000000000455 1.0 0.0014805550811374352 1.6715171259481995e-20 -1.1098215424778601e-19
27.030000000000456 1.0 0.0014805550811374352 1.6715171259481995e-20 -1.1098215424778601e-19
27.060000000000457 1.0 0.0014805550811374352 1.6715171259481995e-20 -1.1098215424778601e-19
27.090000000000458 1.0 0.0014805550811374352 1.6715171259481995e-20 -1.1098215424778601e-19
27.12000000000046 1.0 0.0014805550811374352 1.6715171259481995e-20 -1.1098215424778601e-19
27.15000000000046 1.0 0.0014805550811374352 1.6715171259481995e-20 -1.1098215424778601e-19
27.18000000000046 1.0 0.0014805550811374352 1.6715171259481995e-20 -1.1098215424778601e-19
27.210000000000463 1.0 0.0014805550811374352 1.6715171259481995e-20 -1.1098215424778601e-19
27.240000000000464 1.0 0.0014805550811374352 1.6715171259481995e-20 -1.1098215424778601e-19
27.270000000000465 1.0 0.0014805550811374352 1.6715171259481995e-20 -1.1098215424778601e-19
27.300000000000466 1.0 0.0014805550811374352 1.6715171259481995e-20 -1.1098215424778601e-19
27.330000000000467 1.0 0.0014805550811374352 1.6715171259481995e-20 -1.1098215424778601e-19
27.36000000000047 1.0 0.0014805550811374352 1.6715171259481995e-20 -1.1098215424778601e-19
27.39000000000047 1.0 0.0014805550811374352 1.6715171259481995e-20 -1.1098215424778601e-19
27.42000000000047 1.0 0.0014805550811374352 1.6715171259481995e-20 -1.1098215424778601e-19
27.450000000000472 1.0 0.0014805550811374352 1.6715171259481995e-20 -1.1098215424778601e-19
27.480000000000473 1.0 0.0014805550811374352 1.6715171259481995e-20 -1.1098215424778601e-19
27.510000000000474 1.0 0.0014805550811374352 1.6715171259481995e-20 -1.1098215424778601e-19
27.540000000000475 1.0 0.0014805550811374352 1.6715171259481995e-20 -1.1098215424778601e-19
27.570000000000476 1.0 0.0014805550811374352 1.6715171259481995e-20 -1.1098215424778601e-19
27.600000000000477 1.0 0.0014805550811374352 1.6715171259481995e-20 -1.1098215424778601e-19
27.63000000000048 1.0 0.0014805550811374352 1.6715171259481995e-20 -1.1098215424778601e-19
27.66000000000048 1.0 0.0014805550811374352 1.6715171259481995e-20 -1.1098215424778601e-19
27.69000000000048 1.0 0.0014805550811374352 1.6715171259481995e-20 -1.1098215424778601e-19
27.720000000000482 1.0 0.0014805550811374352 1.6715171259481995e-20 -1.1098215424778601e-19
27.750000000000483 1.0 0.0014805550811374352 1.6715171259481995e-20 -1.1098215424778601e-19
27.780000000000484 1.0 0.0014805550811374352 1.6715171259481995e-20 -1.1098215424778601e-19
27.810000000000485 1.0 0.0014805550811374352 1.6715171259481995e-20 -1.1098215424778601e-19
27.840000000000487 1.0 0.0014805550811374352 1.6715171259481995e-20 -1.1098215424778601e-19
27.870000000000488 1.0 0.0014805550811374352 1.6715171259481995e-20 -1.1098215424778601e-19
27.90000000000049 1.0 0.0014805550811374352 1.6715171259481995e-20 -1.1098215424778601e-19
27.93000000000049 1.0 0.0014805550811374352 1.6715171259481995e-20 -1.1098215424778601e-19
27.96000000000049 1.0 0.0014805550811374352 1.6715171259481995e-20 -1.1098215424778601e-19
27.990000000000492 1.0 0.0014805550811374352 1.6715171259481995e-20 -1.1098215424778601e-19
28.020000000000493 1.0 0.0014805550811374352 1.6715171259481995e-20 -1.1098215424778601e-19
28.050000000000495 1.0 0.0014805550811374352 1.6715171259481995e-20 -1.1098215424778601e-19
28.080000000000496 1.0 0.0014805550811374352 1.6715171259481995e-20 -1.1098215424778601e-19
28.110000000000497 1.0 0.0014805550811374352 1.6715171259481995e-20 -1.1098215424778601e-19
28.140000000000498 1.0 0.0014805550811374352 1.6715171259481995e-20 -1.1098215424778601e-19
28.1700000000005 1.0 0.0014805550811374352 1.6715171259481995e-20 -1.1098215424778601e-19
28.2000000000005 1.0 0.0014805550811374352 1.6715171259481995e-20 -1.1098215424778601e-19
28.2300000000005 1.0 0.0014805550811374352 1.6715171259481995e-20 -1.1098215424778601e-19
28.260000000000502 1.0 0.0014805550811374352 1.6715171259481995e-20 -1.1098215424778601e-19
28.290000000000504 1.0 0.0014805550811374352 1.6715171259481995e-20 -1.1098215424778601e-19
28.320000000000505 1.0 0.0014805550811374352 1.6715171259481995e-20 -1.1098215424778601e-19
28.350000000000506 1.0 0.0014805550811374352 1.6715171259481995e-20 -1.1098215424778601e-19
28.380000000000507 1.0 0.0014805550811374352 1.6715171259481995e-20 -1.1098215424778601e-19
28.410000000000508 1.0 0.0014805550811374352 1.6715171259481995e-20 -1.1098215424778601e-19
28.44000000000051 1.0 0.0014805550811374352 1.6715171259481995e-20 -1.1098215424778601e-19
28.47000000000051 1.0 0.0014805550811374352 1.6715171259481995e-20 -1.1098215424778601e-19
28.50000000000051 1.0 0.0014805550811374352 1.6715171259481995e-20 -1.1098215424778601e-19
28.530000000000513 1.0 0.0014805550811374352 1.6715171259481995e-20 -1.1098215424778601e-19
28.560000000000514 1.0 0.0014805550811374352 1.6715171259481995e-20 -1.1098215424778601e-19
28.590000000000515 1.0 0.0014805550811374352 1.6715171259481995e-20 -1.1098215424778601e-19
28.620000000000516 1.0 0.0014805550811374352 1.6715171259481995e-20 -1.1098215424778601e-19
28.650000000000517 1.0 0.0014805550811374352 1.6715171259481995e-20 -1.1098215424778601e-19
28.68000000000052 1.0 0.0014805550811374352 1.6715171259481995e-20 -1.1098215424778601e-19
28.71000000000052 1.0 0.0014805550811374352 1.6715171259481995e-20 -1.1098215424778601e-19
28.74000000000052 1.0 0.0014805550811374352 1.6715171259481995e-20 -1.1098215424778601e-19
28.770000000000522 1.0 0.0014805550811374352 1.6715171259481995e-20 -1.1098215424778601e-19
28.800000000000523 1.0 0.0014805550811374352 1.6715171259481995e-20 -1.1098215424778601e-19
28.830000000000524 1.0 0.0014805550811374352 1.6715171259481995e-20 -1.1098215424778601e-19
28.860000000000525 1.0 0.0014805550811374352 1.6715171259481995e-20 -1.1098215424778601e-19
28.890000000000526 1.0 0.0014805550811374352 1.6715171259481995e-20 -1.1098215424778601e-19
28.920000000000528 1.0 0.0014805550811374352 1.6715171259481995e-20 -1.1098215424778601e-19
28.95000000000053 1.0 0.0014805550811374352 1.6715171259481995e-20 -1.1098215424778601e-19
28.98000000000053 1.0 0.0014805550811374352 1.6715171259481995e-20 -1.1098215424778601e-19
29.01000000000053 1.0 0.0014805550811374352 1.6715171259481995e-20 -1.1098215424778601e-19
29.040000000000532 1.0 0.0014805550811374352 1.6715171259481995e-20 -1.1098215424778601e-19
29.070000000000533 1.0 0.0014805550811374352 1.6715171259481995e-20 -1.1098215424778601e-19
29.100000000000534 1.0 0.0014805550811374352 1.6715171259481995e-20 -1.1098215424778601e-19
29.130000000000535 1.0 0.0014805550811374352 1.6715171259481995e-20 -1.1098215424778601e-19
29.160000000000537 1.0 0.0014805550811374352 1.6715171259481995e-20 -1.1098215424778601e-19
29.190000000000538 1.0 0.0014805550811374352 1.6715171259481995e-20 -1.1098215424778601e-19
29.22000000000054 1.0 0.0014805550811374352 1.6715171259481995e-20 -1.1098215424778601e-19
29.25000000000054 1.0 0.0014805550811374352 1.6715171259481995e-20 -1.1098215424778601e-19
29.28000000000054 1.0 0.0014805550811374352 1.6715171259481995e-20 -1.1098215424778601e-19
29.310000000000542 1.0 0.0014805550811374352 1.6715171259481995e-20 -1.1098215424778601e-19
29.340000000000543 1.0 0.0014805550811374352 1.6715171259481995e-20 -1.1098215424778601e-19
29.370000000000545 1.0 0.0014805550811374352 1.6715171259481995e-20 -1.1098215424778601e-19
29.400000000000546 1.0 0.0014805550811374352 1.6715171259481995e-20 -1.1098215424778601e-19
29.430000000000547 1.0 0.0014805550811374352 1.6715171259481995e-20 -1.1098215424778601e-19
29.460000000000548 1.0 0.0014805550811374352 1.6715171259481995e-20 -1.1098215424778601e-19
29.49000000000055 1.0 0.0014805550811374352 1.6715171259481995e-20 -1.1098215424778601e-19
29.52000000000055 1.0 0.0014805550811374352 1.6715171259481995e-20 -1.1098215424778601e-19
29.55000000000055 1.0 0.0014805550811374352 1.6715171259481995e-20 -1.1098215424778601e-19
29.580000000000553 1.0 0.0014805550811374352 1.6715171259481995e-20 -1.1098215424778601e-19
29.610000000000554 1.0 0.0014805550811374352 1.6715171259481995e-20 -1.1098215424778601e-19
29.640000000000555 1.0 0.0014805550811374352 1.6715171259481995e-20 -1.1098215424778601e-19
29.670000000000556 1.0 0.0014805550811374352 1.6715171259481995e-20 -1.1098215424778601e-19
29.700000000000557 1.0 0.0014805550811374352 1.6715171259481995e-20 -1.1098215424778601e-19
29.730000000000558 1.0 0.0014805550811374352 1.6715171259481995e-20 -1.1098215424778601e-19
29.76000000000056 1.0 0.0014805550811374352 1.6715171259481995e-20 -1.1098215424778601e-19
29.79000000000056 1.0 0.0014805550811374352 1.6715171259481995e-20 -1.1098215424778601e-19
29.82000000000056 1.0 0.0014805550811374352 1.6715171259481995e-20 -1.1098215424778601e-19
29.850000000000563 1.0 0.0014805550811374352 1.6715171259481995e-20 -1.1098215424778601e-19
29.880000000000564 1.0 0.0014805550811374352 1.6715171259481995e-20 -1.1098215424778601e-19
29.910000000000565 1.0 0.0014805550811374352 1.6715171259481995e-20 -1.1098215424778601e-19
29.940000000000566 1.0 0.0014805550811374352 1.6715171259481995e-20 -1.1098215424778601e-19
29.970000000000567 1.0 0.0014805550811374352 1.6715171259481995e-20 -1.1098215424778601e-19
30.00000000000057 1.0 0.0014805550811374352 1.6715171259481995e-20 -1.1098215424778601e-19
30.03000000000057 1.0 0.0014805550811374352 1.6715171259481995e-20 -1.1098215424778601e-19
30.06000000000057 1.0 0.0014805550811374352 1.6715171259481995e-20 -1.1098215424778601e-19
30.090000000000572 1.0 0.0014805550811374352 1.6715171259481995e-20 -1.1098215424778601e-19
30.120000000000573 1.0 0.0014805550811374352 1.6715171259481995e-20 -1.1098215424778601e-19
30.150000000000574 1.0 0.0014805550811374352 1.6715171259481995e-20 -1.1098215424778601e-19
30.180000000000575 1.0 0.0014805550811374352 1.6715171259481995e-20 -1.1098215424778601e-19
30.210000000000576 1.0 0.0014805550811374352 1.6715171259481995e-20 -1.1098215424778601e-19
30.240000000000578 1.0 0.0014805550811374352 1.6715171259481995e-20 -1.1098215424778601e-19
30.27000000000058 1.0 0.0014805550811374352 1.6715171259481995e-20 -1.1098215424778601e-19
30.30000000000058 1.0 0.0014805550811374352 1.6715171259481995e-20 -1.1098215424778601e-19
30.33000000000058 1.0 0.0014805550811374352 1.6715171259481995e-20 -1.1098215424778601e-19
30.360000000000582 1.0 0.0014805550811374352 1.6715171259481995e-20 -1.1098215424778601e-19
30.390000000000583 1.0 0.0014805550811374352 1.6715171259481995e-20 -1.1098215424778601e-19
30.420000000000584 1.0 0.0014805550811374352 1.6715171259481995e-20 -1.1098215424778601e-19
30.450000000000585 1.0 0.0014805550811374352 1.6715171259481995e-20 -1.1098215424778601e-19
30.480000000000587 1.0 0.0014805550811374352 1.6715171259481995e-20 -1.1098215424778601e-19
30.510000000000588 1.0 0.0014805550811374352 1.6715171259481995e-20 -1.1098215424778601e-19
30.54000000000059 1.0 0.0014805550811374352 1.6715171259481995e-20 -1.1098215424778601e-19
30.57000000000059 1.0 0.0014805550811374352 1.6715171259481995e-20 -1.1098215424778601e-19
30.60000000000059 1.0 0.0014805550811374352 1.6715171259481995e-20 -1.1098215424778601e-19
30.630000000000592 1.0 0.0014805550811374352 1.6715171259481995e-20 -1.1098215424778601e-19
30.660000000000593 1.0 0.0014805550811374352 1.6715171259481995e-20 -1.1098215424778601e-19
30.690000000000595 1.0 0.0014805550811374352 1.6715171259481995e-20 -1.1098215424778601e-19
30.720000000000596 1.0 0.0014805550811374352 1.6715171259481995e-20 -1.1098215424778601e-19
30.750000000000597 1.0 0.0014805550811374352 1.6715171259481995e-20 -1.1098215424778601e-19
30.780000000000598 1.0 0.0014805550811374352 1.6715171259481995e-20 -1.1098215424778601e-19
30.8100000000006 1.0 0.0014805550811374352 1.6715171259481995e-20 -1.1098215424778601e-19
30.8400000000006 1.0 0.0014805550811374352 1.6715171259481995e-20 -1.1098215424778601e-19
30.8700000000006 1.0 0.0014805550811374352 1.6715171259481995e-20 -1.1098215424778601e-19
30.900000000000603 1.0 0.0014805550811374352 1.6715171259481995e-20 -1.1098215424778601e-19
30.930000000000604 1.0 0.0014805550811374352 1.6715171259481995e-20 -1.1098215424778601e-19
30.960000000000605 1.0 0.0014805550811374352 1.6715171259481995e-20 -1.1098215424778601e-19
30.990000000000606 1.0 0.0014805550811374352 1.6715171259481995e-20 -1.1098215424778601e-19
31.020000000000607 1.0 0.0014805550811374352 1.6715171259481995e-20 -1.1098215424778601e-19
31.05000000000061 1.0 0.0014805550811374352 1.6715171259481995e-20 -1.1098215424778601e-19
31.08000000000061 1.0 0.0014805550811374352 1.6715171259481995e-20 -1.1098215424778601e-19
31.11000000000061 1.0 0.0014805550811374352 1.6715171259481995e-20 -1.1098215424778601e-19
31.14000000000061 1.0 0.0014805550811374352 1.6715171259481995e-20 -1.1098215424778601e-19
31.170000000000613 1.0 0.0014805550811374352 1.6715171259481995e-20 -1.1098215424778601e-19
31.200000000000614 1.0 0.0014805550811374352 1.6715171259481995e-20 -1.1098215424778601e-19
31.230000000000615 1.0 0.0014805550811374352 1.6715171259481995e-20 -1.1098215424778601e-19
31.260000000000616 1.0 0.0014805550811374352 1.6715171259481995e-20 -1.1098215424778601e-19
31.290000000000617 1.0 0.0014805550811374352 1.6715171259481995e-20 -1.1098215424778601e-19
31.32000000000062 1.0 0.0014805550811374352 1.6715171259481995e-20 -1.1098215424778601e-19
31.35000000000062 1.0 0.0014805550811374352 1.6715171259481995e-20 -1.1098215424778601e-19
31.38000000000062 1.0 0.0014805550811374352 1.6715171259481995e-20 -1.1098215424778601e-19
31.410000000000622 1.0 0.0014805550811374352 1.6715171259481995e-20 -1.1098215424778601e-19
31.440000000000623 1.0 0.0014805550811374352 1.6715171259481995e-20 -1.1098215424778601e-19
31.470000000000624 1.0 0.0014805550811374352 1.6715171259481995e-20 -1.1098215424778601e-19
31.500000000000625 1.0 0.0014805550811374352 1.6715171259481995e-20 -1.1098215424778601e-19
31.530000000000626 1.0 0.0014805550811374352 1.6715171259481995e-20 -1.1098215424778601e-19
31.560000000000628 1.0 0.0014805550811374352 1.6715171259481995e-20 -1.1098215424778601e-19
31.59000000000063 1.0 0.0014805550811374352 1.6715171259481995e-20 -1.1098215424778601e-19
31.62000000000063 1.0 0.0014805550811374352 1.6715171259481995e-20 -1.1098215424778601e-19
31.65000000000063 1.0 0.0014805550811374352 1.6715171259481995e-20 -1.1098215424778601e-19
31.680000000000632 1.0 0.0014805550811374352 1.6715171259481995e-20 -1.1098215424778601e-19
31.710000000000633 1.0 0.0014805550811374352 1.6715171259481995e-20 -1.1098215424778601e-19
31.740000000000634 1.0 0.0014805550811374352 1.6715171259481995e-20 -1.1098215424778601e-19
31.770000000000636 1.0 0.0014805550811374352 1.6715171259481995e-20 -1.1098215424778601e-19
31.800000000000637 1.0 0.0014805550811374352 1.6715171259481995e-20 -1.1098215424778601e-19
31.830000000000638 1.0 0.0014805550811374352 1.6715171259481995e-20 -1.1098215424778601e-19
31.86000000000064 1.0 0.0014805550811374352 1.6715171259481995e-20 -1.1098215424778601e-19
31.89000000000064 1.0 0.0014805550811374352 1.6715171259481995e-20 -1.1098215424778601e-19
31.92000000000064 1.0 0.0014805550811374352 1.6715171259481995e-20 -1.1098215424778601e-19
31.950000000000642 1.0 0.0014805550811374352 1.6715171259481995e-20 -1.1098215424778601e-19
31.980000000000643 1.0 0.0014805550811374352 1.6715171259481995e-20 -1.1098215424778601e-19
32.010000000000645 1.0 0.0014805550811374352 1.6715171259481995e-20 -1.1098215424778601e-19
32.040000000000646 1.0 0.0014805550811374352 1.6715171259481995e-20 -1.1098215424778601e-19
32.07000000000065 1.0 0.0014805550811374352 1.6715171259481995e-20 -1.1098215424778601e-19
32.10000000000065 1.0 0.0014805550811374352 1.6715171259481995e-20 -1.1098215424778601e-19
32.13000000000065 1.0 0.0014805550811374352 1.6715171259481995e-20 -1.1098215424778601e-19
32.16000000000065 1.0 0.0014805550811374352 1.6715171259481995e-20 -1.1098215424778601e-19
32.19000000000065 1.0 0.0014805550811374352 1.6715171259481995e-20 -1.1098215424778601e-19
32.22000000000065 1.0 0.0014805550811374352 1.6715171259481995e-20 -1.1098215424778601e-19
32.250000000000654 1.0 0.0014805550811374352 1.6715171259481995e-20 -1.1098215424778601e-19
32.280000000000655 1.0 0.0014805550811374352 1.6715171259481995e-20 -1.1098215424778601e-19
32.310000000000656 1.0 0.0014805550811374352 1.6715171259481995e-20 -1.1098215424778601e-19
32.34000000000066 1.0 0.0014805550811374352 1.6715171259481995e-20 -1.1098215424778601e-19
32.37000000000066 1.0 0.0014805550811374352 1.6715171259481995e-20 -1.1098215424778601e-19
32.40000000000066 1.0 0.0014805550811374352 1.6715171259481995e-20 -1.1098215424778601e-19
32.43000000000066 1.0 0.0014805550811374352 1.6715171259481995e-20 -1.1098215424778601e-19
32.46000000000066 1.0 0.0014805550811374352 1.6715171259481995e-20 -1.1098215424778601e-19
32.49000000000066 1.0 0.0014805550811374352 1.6715171259481995e-20 -1.1098215424778601e-19
32.520000000000664 1.0 0.0014805550811374352 1.6715171259481995e-20 -1.1098215424778601e-19
32.550000000000665 1.0 0.0014805550811374352 1.6715171259481995e-20 -1.1098215424778601e-19
32.580000000000666 1.0 0.0014805550811374352 1.6715171259481995e-20 -1.1098215424778601e-19
32.61000000000067 1.0 0.0014805550811374352 1.6715171259481995e-20 -1.1098215424778601e-19
32.64000000000067 1.0 0.0014805550811374352 1.6715171259481995e-20 -1.1098215424778601e-19
32.67000000000067 1.0 0.0014805550811374352 1.6715171259481995e-20 -1.1098215424778601e-19
32.70000000000067 1.0 0.0014805550811374352 1.6715171259481995e-20 -1.1098215424778601e-19
32.73000000000067 1.0 0.0014805550811374352 1.6715171259481995e-20 -1.1098215424778601e-19
32.76000000000067 1.0 0.0014805550811374352 1.6715171259481995e-20 -1.1098215424778601e-19
32.790000000000674 1.0 0.0014805550811374352 1.6715171259481995e-20 -1.1098215424778601e-19
32.820000000000675 1.0 0.0014805550811374352 1.6715171259481995e-20 -1.1098215424778601e-19
32.850000000000676 1.0 0.0014805550811374352 1.6715171259481995e-20 -1.1098215424778601e-19
32.88000000000068 1.0 0.0014805550811374352 1.6715171259481995e-20 -1.1098215424778601e-19
32.91000000000068 1.0 0.0014805550811374352 1.6715171259481995e-20 -1.1098215424778601e-19
32.94000000000068 1.0 0.0014805550811374352 1.6715171259481995e-20 -1.1098215424778601e-19
32.97000000000068 1.0 0.0014805550811374352 1.6715171259481995e-20 -1.1098215424778601e-19
33.00000000000068 1.0 0.0014805550811374352 1.6715171259481995e-20 -1.1098215424778601e-19
33.03000000000068 1.0 0.0014805550811374352 1.6715171259481995e-20 -1.1098215424778601e-19
33.060000000000684 1.0 0.0014805550811374352 1.6715171259481995e-20 -1.1098215424778601e-19
33.090000000000686 1.0 0.0014805550811374352 1.6715171259481995e-20 -1.1098215424778601e-19
33.12000000000069 1.0 0.0014805550811374352 1.6715171259481995e-20 -1.1098215424778601e-19
33.15000000000069 1.0 0.0014805550811374352 1.6715171259481995e-20 -1.1098215424778601e-19
33.18000000000069 1.0 0.0014805550811374352 1.6715171259481995e-20 -1.1098215424778601e-19
33.21000000000069 1.0 0.0014805550811374352 1.6715171259481995e-20 -1.1098215424778601e-19
33.24000000000069 1.0 0.0014805550811374352 1.6715171259481995e-20 -1.1098215424778601e-19
33.27000000000069 1.0 0.0014805550811374352 1.6715171259481995e-20 -1.1098215424778601e-19
33.30000000000069 1.0 0.0014805550811374352 1.6715171259481995e-20 -1.1098215424778601e-19
33.330000000000695 1.0 0.0014805550811374352 1.6715171259481995e-20 -1.1098215424778601e-19
33.360000000000696 1.0 0.0014805550811374352 1.6715171259481995e-20 -1.1098215424778601e-19
33.3900000000007 1.0 0.0014805550811374352 1.6715171259481995e-20 -1.1098215424778601e-19
33.4200000000007 1.0 0.0014805550811374352 1.6715171259481995e-20 -1.1098215424778601e-19
33.4500000000007 1.0 0.0014805550811374352 1.6715171259481995e-20 -1.1098215424778601e-19
33.4800000000007 1.0 0.0014805550811374352 1.6715171259481995e-20 -1.1098215424778601e-19
33.5100000000007 1.0 0.0014805550811374352 1.6715171259481995e-20 -1.1098215424778601e-19
33.5400000000007 1.0 0.0014805550811374352 1.6715171259481995e-20 -1.1098215424778601e-19
33.570000000000704 1.0 0.0014805550811374352 1.6715171259481995e-20 -1.1098215424778601e-19
33.600000000000705 1.0 0.0014805550811374352 1.6715171259481995e-20 -1.1098215424778601e-19
33.630000000000706 1.0 0.0014805550811374352 1.6715171259481995e-20 -1.1098215424778601e-19
33.66000000000071 1.0 0.0014805550811374352 1.6715171259481995e-20 -1.1098215424778601e-19
33.69000000000071 1.0 0.0014805550811374352 1.6715171259481995e-20 -1.1098215424778601e-19
33.72000000000071 1.0 0.0014805550811374352 1.6715171259481995e-20 -1.1098215424778601e-19
33.75000000000071 1.0 0.0014805550811374352 1.6715171259481995e-20 -1.1098215424778601e-19
33.78000000000071 1.0 0.0014805550811374352 1.6715171259481995e-20 -1.1098215424778601e-19
33.81000000000071 1.0 0.0014805550811374352 1.6715171259481995e-20 -1.1098215424778601e-19
33.840000000000714 1.0 0.0014805550811374352 1.6715171259481995e-20 -1.1098215424778601e-19
33.870000000000715 1.0 0.0014805550811374352 1.6715171259481995e-20 -1.1098215424778601e-19
33.900000000000716 1.0 0.0014805550811374352 1.6715171259481995e-20 -1.1098215424778601e-19
33.93000000000072 1.0 0.0014805550811374352 1.6715171259481995e-20 -1.1098215424778601e-19
33.96000000000072 1.0 0.0014805550811374352 1.6715171259481995e-20 -1.1098215424778601e-19
33.99000000000072 1.0 0.0014805550811374352 1.6715171259481995e-20 -1.1098215424778601e-19
34.02000000000072 1.0 0.0014805550811374352 1.6715171259481995e-20 -1.1098215424778601e-19
34.05000000000072 1.0 0.0014805550811374352 1.6715171259481995e-20 -1.1098215424778601e-19
34.08000000000072 1.0 0.0014805550811374352 1.6715171259481995e-20 -1.1098215424778601e-19
34.110000000000724 1.0 0.0014805550811374352 1.6715171259481995e-20 -1.1098215424778601e-19
34.140000000000725 1.0 0.0014805550811374352 1.6715171259481995e-20 -1.1098215424778601e-19
34.17000000000073 1.0 0.0014805550811374352 1.6715171259481995e-20 -1.1098215424778601e-19
34.20000000000073 1.0 0.0014805550811374352 1.6715171259481995e-20 -1.1098215424778601e-19
34.23000000000073 1.0 0.0014805550811374352 1.6715171259481995e-20 -1.1098215424778601e-19
34.26000000000073 1.0 0.0014805550811374352 1.6715171259481995e-20 -1.1098215424778601e-19
34.29000000000073 1.0 0.0014805550811374352 1.6715171259481995e-20 -1.1098215424778601e-19
34.32000000000073 1.0 0.0014805550811374352 1.6715171259481995e-20 -1.1098215424778601e-19
34.35000000000073 1.0 0.0014805550811374352 1.6715171259481995e-20 -1.1098215424778601e-19
34.380000000000734 1.0 0.0014805550811374352 1.6715171259481995e-20 -1.1098215424778601e-19
34.410000000000736 1.0 0.0014805550811374352 1.6715171259481995e-20 -1.1098215424778601e-19
34.44000000000074 1.0 0.0014805550811374352 1.6715171259481995e-20 -1.1098215424778601e-19
34.47000000000074 1.0 0.0014805550811374352 1.6715171259481995e-20 -1.1098215424778601e-19
34.50000000000074 1.0 0.0014805550811374352 1.6715171259481995e-20 -1.1098215424778601e-19
34.53000000000074 1.0 0.0014805550811374352 1.6715171259481995e-20 -1.1098215424778601e-19
34.56000000000074 1.0 0.0014805550811374352 1.6715171259481995e-20 -1.1098215424778601e-19
34.59000000000074 1.0 0.0014805550811374352 1.6715171259481995e-20 -1.1098215424778601e-19
34.62000000000074 1.0 0.0014805550811374352 1.6715171259481995e-20 -1.1098215424778601e-19
34.650000000000745 1.0 0.0014805550811374352 1.6715171259481995e-20 -1.1098215424778601e-19
34.680000000000746 1.0 0.0014805550811374352 1.6715171259481995e-20 -1.1098215424778601e-19
34.71000000000075 1.0 0.0014805550811374352 1.6715171259481995e-20 -1.1098215424778601e-19
34.74000000000075 1.0 0.0014805550811374352 1.6715171259481995e-20 -1.1098215424778601e-19
34.77000000000075 1.0 0.0014805550811374352 1.6715171259481995e-20 -1.1098215424778601e-19
34.80000000000075 1.0 0.0014805550811374352 1.6715171259481995e-20 -1.1098215424778601e-19
34.83000000000075 1.0 0.0014805550811374352 1.6715171259481995e-20 -1.1098215424778601e-19
34.86000000000075 1.0 0.0014805550811374352 1.6715171259481995e-20 -1.1098215424778601e-19
34.890000000000754 1.0 0.0014805550811374352 1.6715171259481995e-20 -1.1098215424778601e-19
34.920000000000755 1.0 0.0014805550811374352 1.6715171259481995e-20 -1.1098215424778601e-19
34.950000000000756 1.0 0.0014805550811374352 1.6715171259481995e-20 -1.1098215424778601e-19
34.98000000000076 1.0 0.0014805550811374352 1.6715171259481995e-20 -1.1098215424778601e-19
35.01000000000076 1.0 0.0014805550811374352 1.6715171259481995e-20 -1.1098215424778601e-19
35.04000000000076 1.0 0.0014805550811374352 1.6715171259481995e-20 -1.1098215424778601e-19
35.07000000000076 1.0 0.0014805550811374352 1.6715171259481995e-20 -1.1098215424778601e-19
35.10000000000076 1.0 0.0014805550811374352 1.6715171259481995e-20 -1.1098215424778601e-19
35.13000000000076 1.0 0.0014805550811374352 1.6715171259481995e-20 -1.1098215424778601e-19
35.160000000000764 1.0 0.0014805550811374352 1.6715171259481995e-20 -1.1098215424778601e-19
35.190000000000765 1.0 0.0014805550811374352 1.6715171259481995e-20 -1.1098215424778601e-19
35.220000000000766 1.0 0.0014805550811374352 1.6715171259481995e-20 -1.1098215424778601e-19
35.25000000000077 1.0 0.0014805550811374352 1.6715171259481995e-20 -1.1098215424778601e-19
35.28000000000077 1.0 0.0014805550811374352 1.6715171259481995e-20 -1.1098215424778601e-19
35.31000000000077 1.0 0.0014805550811374352 1.6715171259481995e-20 -1.1098215424778601e-19
35.34000000000077 1.0 0.0014805550811374352 1.6715171259481995e-20 -1.1098215424778601e-19
35.37000000000077 1.0 0.0014805550811374352 1.6715171259481995e-20 -1.1098215424778601e-19
35.40000000000077 1.0 0.0014805550811374352 1.6715171259481995e-20 -1.1098215424778601e-19
35.430000000000774 1.0 0.0014805550811374352 1.6715171259481995e-20 -1.1098215424778601e-19
35.460000000000775 1.0 0.0014805550811374352 1.6715171259481995e-20 -1.1098215424778601e-19
35.49000000000078 1.0 0.0014805550811374352 1.6715171259481995e-20 -1.1098215424778601e-19
35.52000000000078 1.0 0.0014805550811374352 1.6715171259481995e-20 -1.1098215424778601e-19
35.55000000000078 1.0 0.0014805550811374352 1.6715171259481995e-20 -1.1098215424778601e-19
35.58000000000078 1.0 0.0014805550811374352 1.6715171259481995e-20 -1.1098215424778601e-19
35.61000000000078 1.0 0.0014805550811374352 1.6715171259481995e-20 -1.1098215424778601e-19
35.64000000000078 1.0 0.0014805550811374352 1.6715171259481995e-20 -1.1098215424778601e-19
35.67000000000078 1.0 0.0014805550811374352 1.6715171259481995e-20 -1.1098215424778601e-19
35.700000000000784 1.0 0.0014805550811374352 1.6715171259481995e-20 -1.1098215424778601e-19
35.730000000000786 1.0 0.0014805550811374352 1.6715171259481995e-20 -1.1098215424778601e-19
35.76000000000079 1.0 0.0014805550811374352 1.6715171259481995e-20 -1.1098215424778601e-19
35.79000000000079 1.0 0.0014805550811374352 1.6715171259481995e-20 -1.1098215424778601e-19
35.82000000000079 1.0 0.0014805550811374352 1.6715171259481995e-20 -1.1098215424778601e-19
35.85000000000079 1.0 0.0014805550811374352 1.6715171259481995e-20 -1.1098215424778601e-19
35.88000000000079 1.0 0.0014805550811374352 1.6715171259481995e-20 -1.1098215424778601e-19
35.91000000000079 1.0 0.0014805550811374352 1.6715171259481995e-20 -1.1098215424778601e-19
35.94000000000079 1.0 0.0014805550811374352 1.6715171259481995e-20 -1.1098215424778601e-19
35.970000000000795 1.0 0.0014805550811374352 1.6715171259481995e-20 -1.1098215424778601e-19
36.000000000000796 1.0 0.0014805550811374352 1.6715171259481995e-20 -1.1098215424778601e-19
36.0300000000008 1.0 0.0014805550811374352 1.6715171259481995e-20 -1.1098215424778601e-19
36.0600000000008 1.0 0.0014805550811374352 1.6715171259481995e-20 -1.1098215424778601e-19
36.0900000000008 1.0 0.0014805550811374352 1.6715171259481995e-20 -1.1098215424778601e-19
36.1200000000008 1.0 0.0014805550811374352 1.6715171259481995e-20 -1.1098215424778601e-19
36.1500000000008 1.0 0.0014805550811374352 1.6715171259481995e-20 -1.1098215424778601e-19
36.1800000000008 1.0 0.0014805550811374352 1.6715171259481995e-20 -1.1098215424778601e-19
36.210000000000804 1.0 0.0014805550811374352 1.6715171259481995e-20 -1.1098215424778601e-19
36.240000000000805 1.0 0.0014805550811374352 1.6715171259481995e-20 -1.1098215424778601e-19
36.270000000000806 1.0 0.0014805550811374352 1.6715171259481995e-20 -1.1098215424778601e-19
36.30000000000081 1.0 0.0014805550811374352 1.6715171259481995e-20 -1.1098215424778601e-19
36.33000000000081 1.0 0.0014805550811374352 1.6715171259481995e-20 -1.1098215424778601e-19
36.36000000000081 1.0 0.0014805550811374352 1.6715171259481995e-20 -1.1098215424778601e-19
36.39000000000081 1.0 0.0014805550811374352 1.6715171259481995e-20 -1.1098215424778601e-19
36.42000000000081 1.0 0.0014805550811374352 1.6715171259481995e-20 -1.1098215424778601e-19
36.45000000000081 1.0 0.0014805550811374352 1.6715171259481995e-20 -1.1098215424778601e-19
36.480000000000814 1.0 0.0014805550811374352 1.6715171259481995e-20 -1.1098215424778601e-19
36.510000000000815 1.0 0.0014805550811374352 1.6715171259481995e-20 -1.1098215424778601e-19
36.540000000000816 1.0 0.0014805550811374352 1.6715171259481995e-20 -1.1098215424778601e-19
36.57000000000082 1.0 0.0014805550811374352 1.6715171259481995e-20 -1.1098215424778601e-19
36.60000000000082 1.0 0.0014805550811374352 1.6715171259481995e-20 -1.1098215424778601e-19
36.63000000000082 1.0 0.0014805550811374352 1.6715171259481995e-20 -1.1098215424778601e-19
36.66000000000082 1.0 0.0014805550811374352 1.6715171259481995e-20 -1.1098215424778601e-19
36.69000000000082 1.0 0.0014805550811374352 1.6715171259481995e-20 -1.1098215424778601e-19
36.72000000000082 1.0 0.0014805550811374352 1.6715171259481995e-20 -1.1098215424778601e-19
36.750000000000824 1.0 0.0014805550811374352 1.6715171259481995e-20 -1.1098215424778601e-19
36.780000000000825 1.0 0.0014805550811374352 1.6715171259481995e-20 -1.1098215424778601e-19
36.81000000000083 1.0 0.0014805550811374352 1.6715171259481995e-20 -1.1098215424778601e-19
36.84000000000083 1.0 0.0014805550811374352 1.6715171259481995e-20 -1.1098215424778601e-19
36.87000000000083 1.0 0.0014805550811374352 1.6715171259481995e-20 -1.1098215424778601e-19
36.90000000000083 1.0 0.0014805550811374352 1.6715171259481995e-20 -1.1098215424778601e-19
36.93000000000083 1.0 0.0014805550811374352 1.6715171259481995e-20 -1.1098215424778601e-19
36.96000000000083 1.0 0.0014805550811374352 1.6715171259481995e-20 -1.1098215424778601e-19
36.99000000000083 1.0 0.0014805550811374352 1.6715171259481995e-20 -1.1098215424778601e-19
37.020000000000834 1.0 0.0014805550811374352 1.6715171259481995e-20 -1.1098215424778601e-19
37.050000000000836 1.0 0.0014805550811374352 1.6715171259481995e-20 -1.1098215424778601e-19
37.08000000000084 1.0 0.0014805550811374352 1.6715171259481995e-20 -1.1098215424778601e-19
37.11000000000084 1.0 0.0014805550811374352 1.6715171259481995e-20 -1.1098215424778601e-19
37.14000000000084 1.0 0.0014805550811374352 1.6715171259481995e-20 -1.1098215424778601e-19
37.17000000000084 1.0 0.0014805550811374352 1.6715171259481995e-20 -1.1098215424778601e-19
37.20000000000084 1.0 0.0014805550811374352 1.6715171259481995e-20 -1.1098215424778601e-19
37.23000000000084 1.0 0.0014805550811374352 1.6715171259481995e-20 -1.1098215424778601e-19
37.260000000000844 1.0 0.0014805550811374352 1.6715171259481995e-20 -1.1098215424778601e-19
37.290000000000845 1.0 0.0014805550811374352 1.6715171259481995e-20 -1.1098215424778601e-19
37.320000000000846 1.0 0.0014805550811374352 1.6715171259481995e-20 -1.1098215424778601e-19
37.35000000000085 1.0 0.0014805550811374352 1.6715171259481995e-20 -1.1098215424778601e-19
37.38000000000085 1.0 0.0014805550811374352 1.6715171259481995e-20 -1.1098215424778601e-19
37.41000000000085 1.0 0.0014805550811374352 1.6715171259481995e-20 -1.1098215424778601e-19
37.44000000000085 1.0 0.0014805550811374352 1.6715171259481995e-20 -1.1098215424778601e-19
37.47000000000085 1.0 0.0014805550811374352 1.6715171259481995e-20 -1.1098215424778601e-19
37.50000000000085 1.0 0.0014805550811374352 1.6715171259481995e-20 -1.1098215424778601e-19
37.530000000000854 1.0 0.0014805550811374352 1.6715171259481995e-20 -1.1098215424778601e-19
37.560000000000855 1.0 0.0014805550811374352 1.6715171259481995e-20 -1.1098215424778601e-19
37.590000000000856 1.0 0.0014805550811374352 1.6715171259481995e-20 -1.1098215424778601e-19
37.62000000000086 1.0 0.0014805550811374352 1.6715171259481995e-20 -1.1098215424778601e-19
37.65000000000086 1.0 0.0014805550811374352 1.6715171259481995e-20 -1.1098215424778601e-19
37.68000000000086 1.0 0.0014805550811374352 1.6715171259481995e-20 -1.1098215424778601e-19
37.71000000000086 1.0 0.0014805550811374352 1.6715171259481995e-20 -1.1098215424778601e-19
37.74000000000086 1.0 0.0014805550811374352 1.6715171259481995e-20 -1.1098215424778601e-19
37.77000000000086 1.0 0.0014805550811374352 1.6715171259481995e-20 -1.1098215424778601e-19
37.800000000000864 1.0 0.0014805550811374352 1.6715171259481995e-20 -1.1098215424778601e-19
37.830000000000865 1.0 0.0014805550811374352 1.6715171259481995e-20 -1.1098215424778601e-19
37.860000000000866 1.0 0.0014805550811374352 1.6715171259481995e-20 -1.1098215424778601e-19
37.89000000000087 1.0 0.0014805550811374352 1.6715171259481995e-20 -1.1098215424778601e-19
37.92000000000087 1.0 0.0014805550811374352 1.6715171259481995e-20 -1.1098215424778601e-19
37.95000000000087 1.0 0.0014805550811374352 1.6715171259481995e-20 -1.1098215424778601e-19
37.98000000000087 1.0 0.0014805550811374352 1.6715171259481995e-20 -1.1098215424778601e-19
38.01000000000087 1.0 0.0014805550811374352 1.6715171259481995e-20 -1.1098215424778601e-19
38.04000000000087 1.0 0.0014805550811374352 1.6715171259481995e-20 -1.1098215424778601e-19
38.070000000000874 1.0 0.0014805550811374352 1.6715171259481995e-20 -1.1098215424778601e-19
38.100000000000875 1.0 0.0014805550811374352 1.6715171259481995e-20 -1.1098215424778601e-19
38.13000000000088 1.0 0.0014805550811374352 1.6715171259481995e-20 -1.1098215424778601e-19
38.16000000000088 1.0 0.0014805550811374352 1.6715171259481995e-20 -1.1098215424778601e-19
38.19000000000088 1.0 0.0014805550811374352 1.6715171259481995e-20 -1.1098215424778601e-19
38.22000000000088 1.0 0.0014805550811374352 1.6715171259481995e-20 -1.1098215424778601e-19
38.25000000000088 1.0 0.0014805550811374352 1.6715171259481995e-20 -1.1098215424778601e-19
38.28000000000088 1.0 0.0014805550811374352 1.6715171259481995e-20 -1.1098215424778601e-19
38.31000000000088 1.0 0.0014805550811374352 1.6715171259481995e-20 -1.1098215424778601e-19
38.340000000000884 1.0 0.0014805550811374352 1.6715171259481995e-20 -1.1098215424778601e-19
38.370000000000886 1.0 0.0014805550811374352 1.6715171259481995e-20 -1.1098215424778601e-19
38.40000000000089 1.0 0.0014805550811374352 1.6715171259481995e-20 -1.1098215424778601e-19
38.43000000000089 1.0 0.0014805550811374352 1.6715171259481995e-20 -1.1098215424778601e-19
38.46000000000089 1.0 0.0014805550811374352 1.6715171259481995e-20 -1.1098215424778601e-19
38.49000000000089 1.0 0.0014805550811374352 1.6715171259481995e-20 -1.1098215424778601e-19
38.52000000000089 1.0 0.0014805550811374352 1.6715171259481995e-20 -1.1098215424778601e-19
38.55000000000089 1.0 0.0014805550811374352 1.6715171259481995e-20 -1.1098215424778601e-19
38.580000000000894 1.0 0.0014805550811374352 1.6715171259481995e-20 -1.1098215424778601e-19
38.610000000000895 1.0 0.0014805550811374352 1.6715171259481995e-20 -1.1098215424778601e-19
38.640000000000896 1.0 0.0014805550811374352 1.6715171259481995e-20 -1.1098215424778601e-19
38.6700000000009 1.0 0.0014805550811374352 1.6715171259481995e-20 -1.1098215424778601e-19
38.7000000000009 1.0 0.0014805550811374352 1.6715171259481995e-20 -1.1098215424778601e-19
38.7300000000009 1.0 0.0014805550811374352 1.6715171259481995e-20 -1.1098215424778601e-19
38.7600000000009 1.0 0.0014805550811374352 1.6715171259481995e-20 -1.1098215424778601e-19
38.7900000000009 1.0 0.0014805550811374352 1.6715171259481995e-20 -1.1098215424778601e-19
38.8200000000009 1.0 0.0014805550811374352 1.6715171259481995e-20 -1.1098215424778601e-19
38.850000000000904 1.0 0.0014805550811374352 1.6715171259481995e-20 -1.1098215424778601e-19
38.880000000000905 1.0 0.0014805550811374352 1.6715171259481995e-20 -1.1098215424778601e-19
38.910000000000906 1.0 0.0014805550811374352 1.6715171259481995e-20 -1.1098215424778601e-19
38.94000000000091 1.0 0.0014805550811374352 1.6715171259481995e-20 -1.1098215424778601e-19
38.97000000000091 1.0 0.0014805550811374352 1.6715171259481995e-20 -1.1098215424778601e-19
39.00000000000091 1.0 0.0014805550811374352 1.6715171259481995e-20 -1.1098215424778601e-19
39.03000000000091 1.0 0.0014805550811374352 1.6715171259481995e-20 -1.1098215424778601e-19
39.06000000000091 1.0 0.0014805550811374352 1.6715171259481995e-20 -1.1098215424778601e-19
39.09000000000091 1.0 0.0014805550811374352 1.6715171259481995e-20 -1.1098215424778601e-19
39.120000000000914 1.0 0.0014805550811374352 1.6715171259481995e-20 -1.1098215424778601e-19
39.150000000000915 1.0 0.0014805550811374352 1.6715171259481995e-20 -1.1098215424778601e-19
39.180000000000916 1.0 0.0014805550811374352 1.6715171259481995e-20 -1.1098215424778601e-19
39.21000000000092 1.0 0.0014805550811374352 1.6715171259481995e-20 -1.1098215424778601e-19
39.24000000000092 1.0 0.0014805550811374352 1.6715171259481995e-20 -1.1098215424778601e-19
39.27000000000092 1.0 0.0014805550811374352 1.6715171259481995e-20 -1.1098215424778601e-19
39.30000000000092 1.0 0.0014805550811374352 1.6715171259481995e-20 -1.1098215424778601e-19
39.33000000000092 1.0 0.0014805550811374352 1.6715171259481995e-20 -1.1098215424778601e-19
39.36000000000092 1.0 0.0014805550811374352 1.6715171259481995e-20 -1.1098215424778601e-19
39.390000000000924 1.0 0.0014805550811374352 1.6715171259481995e-20 -1.1098215424778601e-19
39.420000000000925 1.0 0.0014805550811374352 1.6715171259481995e-20 -1.1098215424778601e-19
39.45000000000093 1.0 0.0014805550811374352 1.6715171259481995e-20 -1.1098215424778601e-19
39.48000000000093 1.0 0.0014805550811374352 1.6715171259481995e-20 -1.1098215424778601e-19
39.51000000000093 1.0 0.0014805550811374352 1.6715171259481995e-20 -1.1098215424778601e-19
39.54000000000093 1.0 0.0014805550811374352 1.6715171259481995e-20 -1.1098215424778601e-19
39.57000000000093 1.0 0.0014805550811374352 1.6715171259481995e-20 -1.1098215424778601e-19
39.60000000000093 1.0 0.0014805550811374352 1.6715171259481995e-20 -1.1098215424778601e-19
39.63000000000093 1.0 0.0014805550811374352 1.6715171259481995e-20 -1.1098215424778601e-19
39.660000000000935 1.0 0.0014805550811374352 1.6715171259481995e-20 -1.1098215424778601e-19
39.690000000000936 1.0 0.0014805550811374352 1.6715171259481995e-20 -1.1098215424778601e-19
39.72000000000094 1.0 0.0014805550811374352 1.6715171259481995e-20 -1.1098215424778601e-19
39.75000000000094 1.0 0.0014805550811374352 1.6715171259481995e-20 -1.1098215424778601e-19
39.78000000000094 1.0 0.0014805550811374352 1.6715171259481995e-20 -1.1098215424778601e-19
39.81000000000094 1.0 0.0014805550811374352 1.6715171259481995e-20 -1.1098215424778601e-19
39.84000000000094 1.0 0.0014805550811374352 1.6715171259481995e-20 -1.1098215424778601e-19
39.87000000000094 1.0 0.0014805550811374352 1.6715171259481995e-20 -1.1098215424778601e-19
39.900000000000944 1.0 0.0014805550811374352 1.6715171259481995e-20 -1.1098215424778601e-19
39.930000000000945 1.0 0.0014805550811374352 1.6715171259481995e-20 -1.1098215424778601e-19
39.960000000000946 1.0 0.0014805550811374352 1.6715171259481995e-20 -1.1098215424778601e-19
39.99000000000095 1.0 0.0014805550811374352 1.6715171259481995e-20 -1.1098215424778601e-19
40.02000000000095 1.0 0.0014805550811374352 1.6715171259481995e-20 -1.1098215424778601e-19
40.05000000000095 1.0 0.0014805550811374352 1.6715171259481995e-20 -1.1098215424778601e-19
40.08000000000095 1.0 0.0014805550811374352 1.6715171259481995e-20 -1.1098215424778601e-19
40.11000000000095 1.0 0.0014805550811374352 1.6715171259481995e-20 -1.1098215424778601e-19
40.14000000000095 1.0 0.0014805550811374352 1.6715171259481995e-20 -1.1098215424778601e-19
40.170000000000954 1.0 0.0014805550811374352 1.6715171259481995e-20 -1.1098215424778601e-19
40.200000000000955 1.0 0.0014805550811374352 1.6715171259481995e-20 -1.1098215424778601e-19
40.230000000000956 1.0 0.0014805550811374352 1.6715171259481995e-20 -1.1098215424778601e-19
40.26000000000096 1.0 0.0014805550811374352 1.6715171259481995e-20 -1.1098215424778601e-19
40.29000000000096 1.0 0.0014805550811374352 1.6715171259481995e-20 -1.1098215424778601e-19
40.32000000000096 1.0 0.0014805550811374352 1.6715171259481995e-20 -1.1098215424778601e-19
40.35000000000096 1.0 0.0014805550811374352 1.6715171259481995e-20 -1.1098215424778601e-19
40.38000000000096 1.0 0.0014805550811374352 1.6715171259481995e-20 -1.1098215424778601e-19
40.41000000000096 1.0 0.0014805550811374352 1.6715171259481995e-20 -1.1098215424778601e-19
40.440000000000964 1.0 0.0014805550811374352 1.6715171259481995e-20 -1.1098215424778601e-19
40.470000000000965 1.0 0.0014805550811374352 1.6715171259481995e-20 -1.1098215424778601e-19
40.500000000000966 1.0 0.0014805550811374352 1.6715171259481995e-20 -1.1098215424778601e-19
40.53000000000097 1.0 0.0014805550811374352 1.6715171259481995e-20 -1.1098215424778601e-19
40.56000000000097 1.0 0.0014805550811374352 1.6715171259481995e-20 -1.1098215424778601e-19
40.59000000000097 1.0 0.0014805550811374352 1.6715171259481995e-20 -1.1098215424778601e-19
40.62000000000097 1.0 0.0014805550811374352 1.6715171259481995e-20 -1.1098215424778601e-19
40.65000000000097 1.0 0.0014805550811374352 1.6715171259481995e-20 -1.1098215424778601e-19
40.68000000000097 1.0 0.0014805550811374352 1.6715171259481995e-20 -1.1098215424778601e-19
40.710000000000974 1.0 0.0014805550811374352 1.6715171259481995e-20 -1.1098215424778601e-19
40.740000000000975 1.0 0.0014805550811374352 1.6715171259481995e-20 -1.1098215424778601e-19
40.77000000000098 1.0 0.0014805550811374352 1.6715171259481995e-20 -1.1098215424778601e-19
40.80000000000098 1.0 0.0014805550811374352 1.6715171259481995e-20 -1.1098215424778601e-19
40.83000000000098 1.0 0.0014805550811374352 1.6715171259481995e-20 -1.1098215424778601e-19
40.86000000000098 1.0 0.0014805550811374352 1.6715171259481995e-20 -1.1098215424778601e-19
40.89000000000098 1.0 0.0014805550811374352 1.6715171259481995e-20 -1.1098215424778601e-19
40.92000000000098 1.0 0.0014805550811374352 1.6715171259481995e-20 -1.1098215424778601e-19
40.95000000000098 1.0 0.0014805550811374352 1.6715171259481995e-20 -1.1098215424778601e-19
40.980000000000985 1.0 0.0014805550811374352 1.6715171259481995e-20 -1.1098215424778601e-19
41.010000000000986 1.0 0.0014805550811374352 1.6715171259481995e-20 -1.1098215424778601e-19
41.04000000000099 1.0 0.0014805550811374352 1.6715171259481995e-20 -1.1098215424778601e-19
41.07000000000099 1.0 0.0014805550811374352 1.6715171259481995e-20 -1.1098215424778601e-19
41.10000000000099 1.0 0.0014805550811374352 1.6715171259481995e-20 -1.1098215424778601e-19
41.13000000000099 1.0 0.0014805550811374352 1.6715171259481995e-20 -1.1098215424778601e-19
41.16000000000099 1.0 0.0014805550811374352 1.6715171259481995e-20 -1.1098215424778601e-19
41.19000000000099 1.0 0.0014805550811374352 1.6715171259481995e-20 -1.1098215424778601e-19
41.220000000000994 1.0 0.0014805550811374352 1.6715171259481995e-20 -1.1098215424778601e-19
41.250000000000995 1.0 0.0014805550811374352 1.6715171259481995e-20 -1.1098215424778601e-19
41.280000000000996 1.0 0.0014805550811374352 1.6715171259481995e-20 -1.1098215424778601e-19
41.310000000001 1.0 0.0014805550811374352 1.6715171259481995e-20 -1.1098215424778601e-19
41.340000000001 1.0 0.0014805550811374352 1.6715171259481995e-20 -1.1098215424778601e-19
41.370000000001 1.0 0.0014805550811374352 1.6715171259481995e-20 -1.1098215424778601e-19
41.400000000001 1.0 0.0014805550811374352 1.6715171259481995e-20 -1.1098215424778601e-19
41.430000000001 1.0 0.0014805550811374352 1.6715171259481995e-20 -1.1098215424778601e-19
41.460000000001 1.0 0.0014805550811374352 1.6715171259481995e-20 -1.1098215424778601e-19
41.490000000001004 1.0 0.0014805550811374352 1.6715171259481995e-20 -1.1098215424778601e-19
41.520000000001005 1.0 0.0014805550811374352 1.6715171259481995e-20 -1.1098215424778601e-19
41.550000000001006 1.0 0.0014805550811374352 1.6715171259481995e-20 -1.1098215424778601e-19
41.58000000000101 1.0 0.0014805550811374352 1.6715171259481995e-20 -1.1098215424778601e-19
41.61000000000101 1.0 0.0014805550811374352 1.6715171259481995e-20 -1.1098215424778601e-19
41.64000000000101 1.0 0.0014805550811374352 1.6715171259481995e-20 -1.1098215424778601e-19
41.67000000000101 1.0 0.0014805550811374352 1.6715171259481995e-20 -1.1098215424778601e-19
41.70000000000101 1.0 0.0014805550811374352 1.6715171259481995e-20 -1.1098215424778601e-19
41.73000000000101 1.0 0.0014805550811374352 1.6715171259481995e-20 -1.1098215424778601e-19
41.760000000001014 1.0 0.0014805550811374352 1.6715171259481995e-20 -1.1098215424778601e-19
41.790000000001015 1.0 0.0014805550811374352 1.6715171259481995e-20 -1.1098215424778601e-19
41.820000000001016 1.0 0.0014805550811374352 1.6715171259481995e-20 -1.1098215424778601e-19
41.85000000000102 1.0 0.0014805550811374352 1.6715171259481995e-20 -1.1098215424778601e-19
41.88000000000102 1.0 0.0014805550811374352 1.6715171259481995e-20 -1.1098215424778601e-19
41.91000000000102 1.0 0.0014805550811374352 1.6715171259481995e-20 -1.1098215424778601e-19
41.94000000000102 1.0 0.0014805550811374352 1.6715171259481995e-20 -1.1098215424778601e-19
41.97000000000102 1.0 0.0014805550811374352 1.6715171259481995e-20 -1.1098215424778601e-19
42.00000000000102 1.0 0.0014805550811374352 1.6715171259481995e-20 -1.1098215424778601e-19
42.030000000001024 1.0 0.0014805550811374352 1.6715171259481995e-20 -1.1098215424778601e-19
42.060000000001025 1.0 0.0014805550811374352 1.6715171259481995e-20 -1.1098215424778601e-19
42.09000000000103 1.0 0.0014805550811374352 1.6715171259481995e-20 -1.1098215424778601e-19
42.12000000000103 1.0 0.0014805550811374352 1.6715171259481995e-20 -1.1098215424778601e-19
42.15000000000103 1.0 0.0014805550811374352 1.6715171259481995e-20 -1.1098215424778601e-19
42.18000000000103 1.0 0.0014805550811374352 1.6715171259481995e-20 -1.1098215424778601e-19
42.21000000000103 1.0 0.0014805550811374352 1.6715171259481995e-20 -1.1098215424778601e-19
42.24000000000103 1.0 0.0014805550811374352 1.6715171259481995e-20 -1.1098215424778601e-19
42.27000000000103 1.0 0.0014805550811374352 1.6715171259481995e-20 -1.1098215424778601e-19
42.300000000001035 1.0 0.0014805550811374352 1.6715171259481995e-20 -1.1098215424778601e-19
42.330000000001036 1.0 0.0014805550811374352 1.6715171259481995e-20 -1.1098215424778601e-19
42.36000000000104 1.0 0.0014805550811374352 1.6715171259481995e-20 -1.1098215424778601e-19
42.39000000000104 1.0 0.0014805550811374352 1.6715171259481995e-20 -1.1098215424778601e-19
42.42000000000104 1.0 0.0014805550811374352 1.6715171259481995e-20 -1.1098215424778601e-19
42.45000000000104 1.0 0.0014805550811374352 1.6715171259481995e-20 -1.1098215424778601e-19
42.48000000000104 1.0 0.0014805550811374352 1.6715171259481995e-20 -1.1098215424778601e-19
42.51000000000104 1.0 0.0014805550811374352 1.6715171259481995e-20 -1.1098215424778601e-19
42.540000000001044 1.0 0.0014805550811374352 1.6715171259481995e-20 -1.1098215424778601e-19
42.570000000001045 1.0 0.0014805550811374352 1.6715171259481995e-20 -1.1098215424778601e-19
42.600000000001046 1.0 0.0014805550811374352 1.6715171259481995e-20 -1.1098215424778601e-19
42.63000000000105 1.0 0.0014805550811374352 1.6715171259481995e-20 -1.1098215424778601e-19
42.66000000000105 1.0 0.0014805550811374352 1.6715171259481995e-20 -1.1098215424778601e-19
42.69000000000105 1.0 0.0014805550811374352 1.6715171259481995e-20 -1.1098215424778601e-19
42.72000000000105 1.0 0.0014805550811374352 1.6715171259481995e-20 -1.1098215424778601e-19
42.75000000000105 1.0 0.0014805550811374352 1.6715171259481995e-20 -1.1098215424778601e-19
42.78000000000105 1.0 0.0014805550811374352 1.6715171259481995e-20 -1.1098215424778601e-19
42.810000000001054 1.0 0.0014805550811374352 1.6715171259481995e-20 -1.1098215424778601e-19
42.840000000001055 1.0 0.0014805550811374352 1.6715171259481995e-20 -1.1098215424778601e-19
42.870000000001056 1.0 0.0014805550811374352 1.6715171259481995e-20 -1.1098215424778601e-19
42.90000000000106 1.0 0.0014805550811374352 1.6715171259481995e-20 -1.1098215424778601e-19
42.93000000000106 1.0 0.0014805550811374352 1.6715171259481995e-20 -1.1098215424778601e-19
42.96000000000106 1.0 0.0014805550811374352 1.6715171259481995e-20 -1.1098215424778601e-19
42.99000000000106 1.0 0.0014805550811374352 1.6715171259481995e-20 -1.1098215424778601e-19
43.02000000000106 1.0 0.0014805550811374352 1.6715171259481995e-20 -1.1098215424778601e-19
43.05000000000106 1.0 0.0014805550811374352 1.6715171259481995e-20 -1.1098215424778601e-19
43.080000000001064 1.0 0.0014805550811374352 1.6715171259481995e-20 -1.1098215424778601e-19
43.110000000001065 1.0 0.0014805550811374352 1.6715171259481995e-20 -1.1098215424778601e-19
43.140000000001066 1.0 0.0014805550811374352 1.6715171259481995e-20 -1.1098215424778601e-19
43.17000000000107 1.0 0.0014805550811374352 1.6715171259481995e-20 -1.1098215424778601e-19
43.20000000000107 1.0 0.0014805550811374352 1.6715171259481995e-20 -1.1098215424778601e-19
43.23000000000107 1.0 0.0014805550811374352 1.6715171259481995e-20 -1.1098215424778601e-19
43.26000000000107 1.0 0.0014805550811374352 1.6715171259481995e-20 -1.1098215424778601e-19
43.29000000000107 1.0 0.0014805550811374352 1.6715171259481995e-20 -1.1098215424778601e-19
43.32000000000107 1.0 0.0014805550811374352 1.6715171259481995e-20 -1.1098215424778601e-19
43.350000000001074 1.0 0.0014805550811374352 1.6715171259481995e-20 -1.1098215424778601e-19
43.380000000001075 1.0 0.0014805550811374352 1.6715171259481995e-20 -1.1098215424778601e-19
43.41000000000108 1.0 0.0014805550811374352 1.6715171259481995e-20 -1.1098215424778601e-19
43.44000000000108 1.0 0.0014805550811374352 1.6715171259481995e-20 -1.1098215424778601e-19
43.47000000000108 1.0 0.0014805550811374352 1.6715171259481995e-20 -1.1098215424778601e-19
43.50000000000108 1.0 0.0014805550811374352 1.6715171259481995e-20 -1.1098215424778601e-19
43.53000000000108 1.0 0.0014805550811374352 1.6715171259481995e-20 -1.1098215424778601e-19
43.56000000000108 1.0 0.0014805550811374352 1.6715171259481995e-20 -1.1098215424778601e-19
43.59000000000108 1.0 0.0014805550811374352 1.6715171259481995e-20 -1.1098215424778601e-19
43.620000000001085 1.0 0.0014805550811374352 1.6715171259481995e-20 -1.1098215424778601e-19
43.650000000001086 1.0 0.0014805550811374352 1.6715171259481995e-20 -1.1098215424778601e-19
43.68000000000109 1.0 0.0014805550811374352 1.6715171259481995e-20 -1.1098215424778601e-19
43.71000000000109 1.0 0.0014805550811374352 1.6715171259481995e-20 -1.1098215424778601e-19
43.74000000000109 1.0 0.0014805550811374352 1.6715171259481995e-20 -1.1098215424778601e-19
43.77000000000109 1.0 0.0014805550811374352 1.6715171259481995e-20 -1.1098215424778601e-19
43.80000000000109 1.0 0.0014805550811374352 1.6715171259481995e-20 -1.1098215424778601e-19
43.83000000000109 1.0 0.0014805550811374352 1.6715171259481995e-20 -1.1098215424778601e-19
43.860000000001094 1.0 0.0014805550811374352 1.6715171259481995e-20 -1.1098215424778601e-19
43.890000000001095 1.0 0.0014805550811374352 1.6715171259481995e-20 -1.1098215424778601e-19
43.920000000001096 1.0 0.0014805550811374352 1.6715171259481995e-20 -1.1098215424778601e-19
43.9500000000011 1.0 0.0014805550811374352 1.6715171259481995e-20 -1.1098215424778601e-19
43.9800000000011 1.0 0.0014805550811374352 1.6715171259481995e-20 -1.1098215424778601e-19
44.0100000000011 1.0 0.0014805550811374352 1.6715171259481995e-20 -1.1098215424778601e-19
44.0400000000011 1.0 0.0014805550811374352 1.6715171259481995e-20 -1.1098215424778601e-19
44.0700000000011 1.0 0.0014805550811374352 1.6715171259481995e-20 -1.1098215424778601e-19
44.1000000000011 1.0 0.0014805550811374352 1.6715171259481995e-20 -1.1098215424778601e-19
44.130000000001104 1.0 0.0014805550811374352 1.6715171259481995e-20 -1.1098215424778601e-19
44.160000000001105 1.0 0.0014805550811374352 1.6715171259481995e-20 -1.1098215424778601e-19
44.190000000001106 1.0 0.0014805550811374352 1.6715171259481995e-20 -1.1098215424778601e-19
44.22000000000111 1.0 0.0014805550811374352 1.6715171259481995e-20 -1.1098215424778601e-19
44.25000000000111 1.0 0.0014805550811374352 1.6715171259481995e-20 -1.1098215424778601e-19
44.28000000000111 1.0 0.0014805550811374352 1.6715171259481995e-20 -1.1098215424778601e-19
44.31000000000111 1.0 0.0014805550811374352 1.6715171259481995e-20 -1.1098215424778601e-19
44.34000000000111 1.0 0.0014805550811374352 1.6715171259481995e-20 -1.1098215424778601e-19
44.37000000000111 1.0 0.0014805550811374352 1.6715171259481995e-20 -1.1098215424778601e-19
44.400000000001114 1.0 0.0014805550811374352 1.6715171259481995e-20 -1.1098215424778601e-19
44.430000000001115 1.0 0.0014805550811374352 1.6715171259481995e-20 -1.1098215424778601e-19
44.460000000001116 1.0 0.0014805550811374352 1.6715171259481995e-20 -1.1098215424778601e-19
44.49000000000112 1.0 0.0014805550811374352 1.6715171259481995e-20 -1.1098215424778601e-19
44.52000000000112 1.0 0.0014805550811374352 1.6715171259481995e-20 -1.1098215424778601e-19
44.55000000000112 1.0 0.0014805550811374352 1.6715171259481995e-20 -1.1098215424778601e-19
44.58000000000112 1.0 0.0014805550811374352 1.6715171259481995e-20 -1.1098215424778601e-19
44.61000000000112 1.0 0.0014805550811374352 1.6715171259481995e-20 -1.1098215424778601e-19
44.64000000000112 1.0 0.0014805550811374352 1.6715171259481995e-20 -1.1098215424778601e-19
44.670000000001124 1.0 0.0014805550811374352 1.6715171259481995e-20 -1.1098215424778601e-19
44.700000000001125 1.0 0.0014805550811374352 1.6715171259481995e-20 -1.1098215424778601e-19
44.73000000000113 1.0 0.0014805550811374352 1.6715171259481995e-20 -1.1098215424778601e-19
44.76000000000113 1.0 0.0014805550811374352 1.6715171259481995e-20 -1.1098215424778601e-19
44.79000000000113 1.0 0.0014805550811374352 1.6715171259481995e-20 -1.1098215424778601e-19
44.82000000000113 1.0 0.0014805550811374352 1.6715171259481995e-20 -1.1098215424778601e-19
44.85000000000113 1.0 0.0014805550811374352 1.6715171259481995e-20 -1.1098215424778601e-19
44.88000000000113 1.0 0.0014805550811374352 1.6715171259481995e-20 -1.1098215424778601e-19
44.91000000000113 1.0 0.0014805550811374352 1.6715171259481995e-20 -1.1098215424778601e-19
44.940000000001135 1.0 0.0014805550811374352 1.6715171259481995e-20 -1.1098215424778601e-19
44.970000000001136 1.0 0.0014805550811374352 1.6715171259481995e-20 -1.1098215424778601e-19
45.00000000000114 1.0 0.0014805550811374352 1.6715171259481995e-20 -1.1098215424778601e-19
45.03000000000114 1.0 0.0014805550811374352 1.6715171259481995e-20 -1.1098215424778601e-19
45.06000000000114 1.0 0.0014805550811374352 1.6715171259481995e-20 -1.1098215424778601e-19
45.09000000000114 1.0 0.0014805550811374352 1.6715171259481995e-20 -1.1098215424778601e-19
45.12000000000114 1.0 0.0014805550811374352 1.6715171259481995e-20 -1.1098215424778601e-19
45.15000000000114 1.0 0.0014805550811374352 1.6715171259481995e-20 -1.1098215424778601e-19
45.180000000001144 1.0 0.0014805550811374352 1.6715171259481995e-20 -1.1098215424778601e-19
45.210000000001145 1.0 0.0014805550811374352 1.6715171259481995e-20 -1.1098215424778601e-19
45.240000000001146 1.0 0.0014805550811374352 1.6715171259481995e-20 -1.1098215424778601e-19
45.27000000000115 1.0 0.0014805550811374352 1.6715171259481995e-20 -1.1098215424778601e-19
45.30000000000115 1.0 0.0014805550811374352 1.6715171259481995e-20 -1.1098215424778601e-19
45.33000000000115 1.0 0.0014805550811374352 1.6715171259481995e-20 -1.1098215424778601e-19
45.36000000000115 1.0 0.0014805550811374352 1.6715171259481995e-20 -1.1098215424778601e-19
45.39000000000115 1.0 0.0014805550811374352 1.6715171259481995e-20 -1.1098215424778601e-19
45.42000000000115 1.0 0.0014805550811374352 1.6715171259481995e-20 -1.1098215424778601e-19
45.450000000001154 1.0 0.0014805550811374352 1.6715171259481995e-20 -1.1098215424778601e-19
45.480000000001155 1.0 0.0014805550811374352 1.6715171259481995e-20 -1.1098215424778601e-19
45.510000000001156 1.0 0.0014805550811374352 1.6715171259481995e-20 -1.1098215424778601e-19
45.54000000000116 1.0 0.0014805550811374352 1.6715171259481995e-20 -1.1098215424778601e-19
45.57000000000116 1.0 0.0014805550811374352 1.6715171259481995e-20 -1.1098215424778601e-19
45.60000000000116 1.0 0.0014805550811374352 1.6715171259481995e-20 -1.1098215424778601e-19
45.63000000000116 1.0 0.0014805550811374352 1.6715171259481995e-20 -1.1098215424778601e-19
45.66000000000116 1.0 0.0014805550811374352 1.6715171259481995e-20 -1.1098215424778601e-19
45.69000000000116 1.0 0.0014805550811374352 1.6715171259481995e-20 -1.1098215424778601e-19
45.720000000001164 1.0 0.0014805550811374352 1.6715171259481995e-20 -1.1098215424778601e-19
45.750000000001165 1.0 0.0014805550811374352 1.6715171259481995e-20 -1.1098215424778601e-19
45.780000000001166 1.0 0.0014805550811374352 1.6715171259481995e-20 -1.1098215424778601e-19
45.81000000000117 1.0 0.0014805550811374352 1.6715171259481995e-20 -1.1098215424778601e-19
45.84000000000117 1.0 0.0014805550811374352 1.6715171259481995e-20 -1.1098215424778601e-19
45.87000000000117 1.0 0.0014805550811374352 1.6715171259481995e-20 -1.1098215424778601e-19
45.90000000000117 1.0 0.0014805550811374352 1.6715171259481995e-20 -1.1098215424778601e-19
45.93000000000117 1.0 0.0014805550811374352 1.6715171259481995e-20 -1.1098215424778601e-19
45.96000000000117 1.0 0.0014805550811374352 1.6715171259481995e-20 -1.1098215424778601e-19
45.990000000001174 1.0 0.0014805550811374352 1.6715171259481995e-20 -1.1098215424778601e-19
46.020000000001176 1.0 0.0014805550811374352 1.6715171259481995e-20 -1.1098215424778601e-19
46.05000000000118 1.0 0.0014805550811374352 1.6715171259481995e-20 -1.1098215424778601e-19
46.08000000000118 1.0 0.0014805550811374352 1.6715171259481995e-20 -1.1098215424778601e-19
46.11000000000118 1.0 0.0014805550811374352 1.6715171259481995e-20 -1.1098215424778601e-19
46.14000000000118 1.0 0.0014805550811374352 1.6715171259481995e-20 -1.1098215424778601e-19
46.17000000000118 1.0 0.0014805550811374352 1.6715171259481995e-20 -1.1098215424778601e-19
46.20000000000118 1.0 0.0014805550811374352 1.6715171259481995e-20 -1.1098215424778601e-19
46.23000000000118 1.0 0.0014805550811374352 1.6715171259481995e-20 -1.1098215424778601e-19
46.260000000001185 1.0 0.0014805550811374352 1.6715171259481995e-20 -1.1098215424778601e-19
46.290000000001186 1.0 0.0014805550811374352 1.6715171259481995e-20 -1.1098215424778601e-19
46.32000000000119 1.0 0.0014805550811374352 1.6715171259481995e-20 -1.1098215424778601e-19
46.35000000000119 1.0 0.0014805550811374352 1.6715171259481995e-20 -1.1098215424778601e-19
46.38000000000119 1.0 0.0014805550811374352 1.6715171259481995e-20 -1.1098215424778601e-19
46.41000000000119 1.0 0.0014805550811374352 1.6715171259481995e-20 -1.1098215424778601e-19
46.44000000000119 1.0 0.0014805550811374352 1.6715171259481995e-20 -1.1098215424778601e-19
46.47000000000119 1.0 0.0014805550811374352 1.6715171259481995e-20 -1.1098215424778601e-19
46.500000000001194 1.0 0.0014805550811374352 1.6715171259481995e-20 -1.1098215424778601e-19
46.530000000001195 1.0 0.0014805550811374352 1.6715171259481995e-20 -1.1098215424778601e-19
46.560000000001196 1.0 0.0014805550811374352 1.6715171259481995e-20 -1.1098215424778601e-19
46.5900000000012 1.0 0.0014805550811374352 1.6715171259481995e-20 -1.1098215424778601e-19
46.6200000000012 1.0 0.0014805550811374352 1.6715171259481995e-20 -1.1098215424778601e-19
46.6500000000012 1.0 0.0014805550811374352 1.6715171259481995e-20 -1.1098215424778601e-19
46.6800000000012 1.0 0.0014805550811374352 1.6715171259481995e-20 -1.1098215424778601e-19
46.7100000000012 1.0 0.0014805550811374352 1.6715171259481995e-20 -1.1098215424778601e-19
46.7400000000012 1.0 0.0014805550811374352 1.6715171259481995e-20 -1.1098215424778601e-19
46.770000000001204 1.0 0.0014805550811374352 1.6715171259481995e-20 -1.1098215424778601e-19
46.800000000001205 1.0 0.0014805550811374352 1.6715171259481995e-20 -1.1098215424778601e-19
46.830000000001206 1.0 0.0014805550811374352 1.6715171259481995e-20 -1.1098215424778601e-19
46.86000000000121 1.0 0.0014805550811374352 1.6715171259481995e-20 -1.1098215424778601e-19
46.89000000000121 1.0 0.0014805550811374352 1.6715171259481995e-20 -1.1098215424778601e-19
46.92000000000121 1.0 0.0014805550811374352 1.6715171259481995e-20 -1.1098215424778601e-19
46.95000000000121 1.0 0.0014805550811374352 1.6715171259481995e-20 -1.1098215424778601e-19
46.98000000000121 1.0 0.0014805550811374352 1.6715171259481995e-20 -1.1098215424778601e-19
47.01000000000121 1.0 0.0014805550811374352 1.6715171259481995e-20 -1.1098215424778601e-19
47.040000000001214 1.0 0.0014805550811374352 1.6715171259481995e-20 -1.1098215424778601e-19
47.070000000001215 1.0 0.0014805550811374352 1.6715171259481995e-20 -1.1098215424778601e-19
47.10000000000122 1.0 0.0014805550811374352 1.6715171259481995e-20 -1.1098215424778601e-19
47.13000000000122 1.0 0.0014805550811374352 1.6715171259481995e-20 -1.1098215424778601e-19
47.16000000000122 1.0 0.0014805550811374352 1.6715171259481995e-20 -1.1098215424778601e-19
47.19000000000122 1.0 0.0014805550811374352 1.6715171259481995e-20 -1.1098215424778601e-19
47.22000000000122 1.0 0.0014805550811374352 1.6715171259481995e-20 -1.1098215424778601e-19
47.25000000000122 1.0 0.0014805550811374352 1.6715171259481995e-20 -1.1098215424778601e-19
47.28000000000122 1.0 0.0014805550811374352 1.6715171259481995e-20 -1.1098215424778601e-19
47.310000000001224 1.0 0.0014805550811374352 1.6715171259481995e-20 -1.1098215424778601e-19
47.340000000001226 1.0 0.0014805550811374352 1.6715171259481995e-20 -1.1098215424778601e-19
47.37000000000123 1.0 0.0014805550811374352 1.6715171259481995e-20 -1.1098215424778601e-19
47.40000000000123 1.0 0.0014805550811374352 1.6715171259481995e-20 -1.1098215424778601e-19
47.43000000000123 1.0 0.0014805550811374352 1.6715171259481995e-20 -1.1098215424778601e-19
47.46000000000123 1.0 0.0014805550811374352 1.6715171259481995e-20 -1.1098215424778601e-19
47.49000000000123 1.0 0.0014805550811374352 1.6715171259481995e-20 -1.1098215424778601e-19
47.52000000000123 1.0 0.0014805550811374352 1.6715171259481995e-20 -1.1098215424778601e-19
47.55000000000123 1.0 0.0014805550811374352 1.6715171259481995e-20 -1.1098215424778601e-19
47.580000000001235 1.0 0.0014805550811374352 1.6715171259481995e-20 -1.1098215424778601e-19
47.610000000001236 1.0 0.0014805550811374352 1.6715171259481995e-20 -1.1098215424778601e-19
47.64000000000124 1.0 0.0014805550811374352 1.6715171259481995e-20 -1.1098215424778601e-19
47.67000000000124 1.0 0.0014805550811374352 1.6715171259481995e-20 -1.1098215424778601e-19
47.70000000000124 1.0 0.0014805550811374352 1.6715171259481995e-20 -1.1098215424778601e-19
47.73000000000124 1.0 0.0014805550811374352 1.6715171259481995e-20 -1.1098215424778601e-19
47.76000000000124 1.0 0.0014805550811374352 1.6715171259481995e-20 -1.1098215424778601e-19
47.79000000000124 1.0 0.0014805550811374352 1.6715171259481995e-20 -1.1098215424778601e-19
47.820000000001244 1.0 0.0014805550811374352 1.6715171259481995e-20 -1.1098215424778601e-19
47.850000000001245 1.0 0.0014805550811374352 1.6715171259481995e-20 -1.1098215424778601e-19
47.880000000001246 1.0 0.0014805550811374352 1.6715171259481995e-20 -1.1098215424778601e-19
47.91000000000125 1.0 0.0014805550811374352 1.6715171259481995e-20 -1.1098215424778601e-19
47.94000000000125 1.0 0.0014805550811374352 1.6715171259481995e-20 -1.1098215424778601e-19
47.97000000000125 1.0 0.0014805550811374352 1.6715171259481995e-20 -1.1098215424778601e-19
48.00000000000125 1.0 0.0014805550811374352 1.6715171259481995e-20 -1.1098215424778601e-19
48.03000000000125 1.0 0.0014805550811374352 1.6715171259481995e-20 -1.1098215424778601e-19
48.06000000000125 1.0 0.0014805550811374352 1.6715171259481995e-20 -1.1098215424778601e-19
48.090000000001254 1.0 0.0014805550811374352 1.6715171259481995e-20 -1.1098215424778601e-19
48.120000000001255 1.0 0.0014805550811374352 1.6715171259481995e-20 -1.1098215424778601e-19
48.150000000001256 1.0 0.0014805550811374352 1.6715171259481995e-20 -1.1098215424778601e-19
48.18000000000126 1.0 0.0014805550811374352 1.6715171259481995e-20 -1.1098215424778601e-19
48.21000000000126 1.0 0.0014805550811374352 1.6715171259481995e-20 -1.1098215424778601e-19
48.24000000000126 1.0 0.0014805550811374352 1.6715171259481995e-20 -1.1098215424778601e-19
48.27000000000126 1.0 0.0014805550811374352 1.6715171259481995e-20 -1.1098215424778601e-19
48.30000000000126 1.0 0.0014805550811374352 1.6715171259481995e-20 -1.1098215424778601e-19
48.33000000000126 1.0 0.0014805550811374352 1.6715171259481995e-20 -1.1098215424778601e-19
48.360000000001264 1.0 0.0014805550811374352 1.6715171259481995e-20 -1.1098215424778601e-19
48.390000000001265 1.0 0.0014805550811374352 1.6715171259481995e-20 -1.1098215424778601e-19
48.42000000000127 1.0 0.0014805550811374352 1.6715171259481995e-20 -1.1098215424778601e-19
48.45000000000127 1.0 0.0014805550811374352 1.6715171259481995e-20 -1.1098215424778601e-19
48.48000000000127 1.0 0.0014805550811374352 1.6715171259481995e-20 -1.1098215424778601e-19
48.51000000000127 1.0 0.0014805550811374352 1.6715171259481995e-20 -1.1098215424778601e-19
48.54000000000127 1.0 0.0014805550811374352 1.6715171259481995e-20 -1.1098215424778601e-19
48.57000000000127 1.0 0.0014805550811374352 1.6715171259481995e-20 -1.1098215424778601e-19
48.60000000000127 1.0 0.0014805550811374352 1.6715171259481995e-20 -1.1098215424778601e-19
48.630000000001274 1.0 0.0014805550811374352 1.6715171259481995e-20 -1.1098215424778601e-19
48.660000000001276 1.0 0.0014805550811374352 1.6715171259481995e-20 -1.1098215424778601e-19
48.69000000000128 1.0 0.0014805550811374352 1.6715171259481995e-20 -1.1098215424778601e-19
48.72000000000128 1.0 0.0014805550811374352 1.6715171259481995e-20 -1.1098215424778601e-19
48.75000000000128 1.0 0.0014805550811374352 1.6715171259481995e-20 -1.1098215424778601e-19
48.78000000000128 1.0 0.0014805550811374352 1.6715171259481995e-20 -1.1098215424778601e-19
48.81000000000128 1.0 0.0014805550811374352 1.6715171259481995e-20 -1.1098215424778601e-19
48.84000000000128 1.0 0.0014805550811374352 1.6715171259481995e-20 -1.1098215424778601e-19
48.87000000000128 1.0 0.0014805550811374352 1.6715171259481995e-20 -1.1098215424778601e-19
48.900000000001285 1.0 0.0014805550811374352 1.6715171259481995e-20 -1.1098215424778601e-19
48.930000000001286 1.0 0.0014805550811374352 1.6715171259481995e-20 -1.1098215424778601e-19
48.96000000000129 1.0 0.0014805550811374352 1.6715171259481995e-20 -1.1098215424778601e-19
48.99000000000129 1.0 0.0014805550811374352 1.6715171259481995e-20 -1.1098215424778601e-19
49.02000000000129 1.0 0.0014805550811374352 1.6715171259481995e-20 -1.1098215424778601e-19
49.05000000000129 1.0 0.0014805550811374352 1.6715171259481995e-20 -1.1098215424778601e-19
49.08000000000129 1.0 0.0014805550811374352 1.6715171259481995e-20 -1.1098215424778601e-19
49.11000000000129 1.0 0.0014805550811374352 1.6715171259481995e-20 -1.1098215424778601e-19
49.140000000001294 1.0 0.0014805550811374352 1.6715171259481995e-20 -1.1098215424778601e-19
49.170000000001295 1.0 0.0014805550811374352 1.6715171259481995e-20 -1.1098215424778601e-19
49.200000000001296 1.0 0.0014805550811374352 1.6715171259481995e-20 -1.1098215424778601e-19
49.2300000000013 1.0 0.0014805550811374352 1.6715171259481995e-20 -1.1098215424778601e-19
49.2600000000013 1.0 0.0014805550811374352 1.6715171259481995e-20 -1.1098215424778601e-19
49.2900000000013 1.0 0.0014805550811374352 1.6715171259481995e-20 -1.1098215424778601e-19
49.3200000000013 1.0 0.0014805550811374352 1.6715171259481995e-20 -1.1098215424778601e-19
49.3500000000013 1.0 0.0014805550811374352 1.6715171259481995e-20 -1.1098215424778601e-19
49.3800000000013 1.0 0.0014805550811374352 1.6715171259481995e-20 -1.1098215424778601e-19
49.410000000001304 1.0 0.0014805550811374352 1.6715171259481995e-20 -1.1098215424778601e-19
49.440000000001305 1.0 0.0014805550811374352 1.6715171259481995e-20 -1.1098215424778601e-19
49.470000000001306 1.0 0.0014805550811374352 1.6715171259481995e-20 -1.1098215424778601e-19
49.50000000000131 1.0 0.0014805550811374352 1.6715171259481995e-20 -1.1098215424778601e-19
49.53000000000131 1.0 0.0014805550811374352 1.6715171259481995e-20 -1.1098215424778601e-19
49.56000000000131 1.0 0.0014805550811374352 1.6715171259481995e-20 -1.1098215424778601e-19
49.59000000000131 1.0 0.0014805550811374352 1.6715171259481995e-20 -1.1098215424778601e-19
49.62000000000131 1.0 0.0014805550811374352 1.6715171259481995e-20 -1.1098215424778601e-19
49.65000000000131 1.0 0.0014805550811374352 1.6715171259481995e-20 -1.1098215424778601e-19
49.680000000001314 1.0 0.0014805550811374352 1.6715171259481995e-20 -1.1098215424778601e-19
49.710000000001315 1.0 0.0014805550811374352 1.6715171259481995e-20 -1.1098215424778601e-19
49.74000000000132 1.0 0.0014805550811374352 1.6715171259481995e-20 -1.1098215424778601e-19
49.77000000000132 1.0 0.0014805550811374352 1.6715171259481995e-20 -1.1098215424778601e-19
49.80000000000132 1.0 0.0014805550811374352 1.6715171259481995e-20 -1.1098215424778601e-19
49.83000000000132 1.0 0.0014805550811374352 1.6715171259481995e-20 -1.1098215424778601e-19
49.86000000000132 1.0 0.0014805550811374352 1.6715171259481995e-20 -1.1098215424778601e-19
49.89000000000132 1.0 0.0014805550811374352 1.6715171259481995e-20 -1.1098215424778601e-19
49.92000000000132 1.0 0.0014805550811374352 1.6715171259481995e-20 -1.1098215424778601e-19
49.950000000001324 1.0 0.0014805550811374352 1.6715171259481995e-20 -1.1098215424778601e-19
49.980000000001326 1.0 0.0014805550811374352 1.6715171259481995e-20 -1.1098215424778601e-19
50.01000000000133 1.0 0.0014805550811374352 1.6715171259481995e-20 -1.1098215424778601e-19
50.04000000000133 1.0 0.0014805550811374352 1.6715171259481995e-20 -1.1098215424778601e-19
50.07000000000133 1.0 0.0014805550811374352 1.6715171259481995e-20 -1.1098215424778601e-19
50.10000000000133 1.0 0.0014805550811374352 1.6715171259481995e-20 -1.1098215424778601e-19
50.13000000000133 1.0 0.0014805550811374352 1.6715171259481995e-20 -1.1098215424778601e-19
50.16000000000133 1.0 0.0014805550811374352 1.6715171259481995e-20 -1.1098215424778601e-19
50.19000000000133 1.0 0.0014805550811374352 1.6715171259481995e-20 -1.1098215424778601e-19
50.220000000001335 1.0 0.0014805550811374352 1.6715171259481995e-20 -1.1098215424778601e-19
50.250000000001336 1.0 0.0014805550811374352 1.6715171259481995e-20 -1.1098215424778601e-19
50.28000000000134 1.0 0.0014805550811374352 1.6715171259481995e-20 -1.1098215424778601e-19
50.31000000000134 1.0 0.0014805550811374352 1.6715171259481995e-20 -1.1098215424778601e-19
50.34000000000134 1.0 0.0014805550811374352 1.6715171259481995e-20 -1.1098215424778601e-19
50.37000000000134 1.0 0.0014805550811374352 1.6715171259481995e-20 -1.1098215424778601e-19
50.40000000000134 1.0 0.0014805550811374352 1.6715171259481995e-20 -1.1098215424778601e-19
50.43000000000134 1.0 0.0014805550811374352 1.6715171259481995e-20 -1.1098215424778601e-19
50.460000000001344 1.0 0.0014805550811374352 1.6715171259481995e-20 -1.1098215424778601e-19
50.490000000001345 1.0 0.0014805550811374352 1.6715171259481995e-20 -1.1098215424778601e-19
50.520000000001346 1.0 0.0014805550811374352 1.6715171259481995e-20 -1.1098215424778601e-19
50.55000000000135 1.0 0.0014805550811374352 1.6715171259481995e-20 -1.1098215424778601e-19
50.58000000000135 1.0 0.0014805550811374352 1.6715171259481995e-20 -1.1098215424778601e-19
50.61000000000135 1.0 0.0014805550811374352 1.6715171259481995e-20 -1.1098215424778601e-19
50.64000000000135 1.0 0.0014805550811374352 1.6715171259481995e-20 -1.1098215424778601e-19
50.67000000000135 1.0 0.0014805550811374352 1.6715171259481995e-20 -1.1098215424778601e-19
50.70000000000135 1.0 0.0014805550811374352 1.6715171259481995e-20 -1.1098215424778601e-19
50.730000000001354 1.0 0.0014805550811374352 1.6715171259481995e-20 -1.1098215424778601e-19
50.760000000001355 1.0 0.0014805550811374352 1.6715171259481995e-20 -1.1098215424778601e-19
50.790000000001356 1.0 0.0014805550811374352 1.6715171259481995e-20 -1.1098215424778601e-19
50.82000000000136 1.0 0.0014805550811374352 1.6715171259481995e-20 -1.1098215424778601e-19
50.85000000000136 1.0 0.0014805550811374352 1.6715171259481995e-20 -1.1098215424778601e-19
50.88000000000136 1.0 0.0014805550811374352 1.6715171259481995e-20 -1.1098215424778601e-19
50.91000000000136 1.0 0.0014805550811374352 1.6715171259481995e-20 -1.1098215424778601e-19
50.94000000000136 1.0 0.0014805550811374352 1.6715171259481995e-20 -1.1098215424778601e-19
50.97000000000136 1.0 0.0014805550811374352 1.6715171259481995e-20 -1.1098215424778601e-19
51.000000000001364 1.0 0.0014805550811374352 1.6715171259481995e-20 -1.1098215424778601e-19
51.030000000001365 1.0 0.0014805550811374352 1.6715171259481995e-20 -1.1098215424778601e-19
51.06000000000137 1.0 0.0014805550811374352 1.6715171259481995e-20 -1.1098215424778601e-19
51.09000000000137 1.0 0.0014805550811374352 1.6715171259481995e-20 -1.1098215424778601e-19
51.12000000000137 1.0 0.0014805550811374352 1.6715171259481995e-20 -1.1098215424778601e-19
51.15000000000137 1.0 0.0014805550811374352 1.6715171259481995e-20 -1.1098215424778601e-19
51.18000000000137 1.0 0.0014805550811374352 1.6715171259481995e-20 -1.1098215424778601e-19
51.21000000000137 1.0 0.0014805550811374352 1.6715171259481995e-20 -1.1098215424778601e-19
51.24000000000137 1.0 0.0014805550811374352 1.6715171259481995e-20 -1.1098215424778601e-19
51.270000000001374 1.0 0.0014805550811374352 1.6715171259481995e-20 -1.1098215424778601e-19
51.300000000001376 1.0 0.0014805550811374352 1.6715171259481995e-20 -1.1098215424778601e-19
51.33000000000138 1.0 0.0014805550811374352 1.6715171259481995e-20 -1.1098215424778601e-19
51.36000000000138 1.0 0.0014805550811374352 1.6715171259481995e-20 -1.1098215424778601e-19
51.39000000000138 1.0 0.0014805550811374352 1.6715171259481995e-20 -1.1098215424778601e-19
51.42000000000138 1.0 0.0014805550811374352 1.6715171259481995e-20 -1.1098215424778601e-19
51.45000000000138 1.0 0.0014805550811374352 1.6715171259481995e-20 -1.1098215424778601e-19
51.48000000000138 1.0 0.0014805550811374352 1.6715171259481995e-20 -1.1098215424778601e-19
51.510000000001384 1.0 0.0014805550811374352 1.6715171259481995e-20 -1.1098215424778601e-19
51.540000000001385 1.0 0.0014805550811374352 1.6715171259481995e-20 -1.1098215424778601e-19
51.570000000001386 1.0 0.0014805550811374352 1.6715171259481995e-20 -1.1098215424778601e-19
51.60000000000139 1.0 0.0014805550811374352 1.6715171259481995e-20 -1.1098215424778601e-19
51.63000000000139 1.0 0.0014805550811374352 1.6715171259481995e-20 -1.1098215424778601e-19
51.66000000000139 1.0 0.0014805550811374352 1.6715171259481995e-20 -1.1098215424778601e-19
51.69000000000139 1.0 0.0014805550811374352 1.6715171259481995e-20 -1.1098215424778601e-19
51.72000000000139 1.0 0.0014805550811374352 1.6715171259481995e-20 -1.1098215424778601e-19
51.75000000000139 1.0 0.0014805550811374352 1.6715171259481995e-20 -1.1098215424778601e-19
51.780000000001394 1.0 0.0014805550811374352 1.6715171259481995e-20 -1.1098215424778601e-19
51.810000000001395 1.0 0.0014805550811374352 1.6715171259481995e-20 -1.1098215424778601e-19
51.840000000001396 1.0 0.0014805550811374352 1.6715171259481995e-20 -1.1098215424778601e-19
51.8700000000014 1.0 0.0014805550811374352 1.6715171259481995e-20 -1.1098215424778601e-19
51.9000000000014 1.0 0.0014805550811374352 1.6715171259481995e-20 -1.1098215424778601e-19
51.9300000000014 1.0 0.0014805550811374352 1.6715171259481995e-20 -1.1098215424778601e-19
51.9600000000014 1.0 0.0014805550811374352 1.6715171259481995e-20 -1.1098215424778601e-19
51.9900000000014 1.0 0.0014805550811374352 1.6715171259481995e-20 -1.1098215424778601e-19
52.0200000000014 1.0 0.0014805550811374352 1.6715171259481995e-20 -1.1098215424778601e-19
52.050000000001404 1.0 0.0014805550811374352 1.6715171259481995e-20 -1.1098215424778601e-19
52.080000000001405 1.0 0.0014805550811374352 1.6715171259481995e-20 -1.1098215424778601e-19
52.110000000001406 1.0 0.0014805550811374352 1.6715171259481995e-20 -1.1098215424778601e-19
52.14000000000141 1.0 0.0014805550811374352 1.6715171259481995e-20 -1.1098215424778601e-19
52.17000000000141 1.0 0.0014805550811374352 1.6715171259481995e-20 -1.1098215424778601e-19
52.20000000000141 1.0 0.0014805550811374352 1.6715171259481995e-20 -1.1098215424778601e-19
52.23000000000141 1.0 0.0014805550811374352 1.6715171259481995e-20 -1.1098215424778601e-19
52.26000000000141 1.0 0.0014805550811374352 1.6715171259481995e-20 -1.1098215424778601e-19
52.29000000000141 1.0 0.0014805550811374352 1.6715171259481995e-20 -1.1098215424778601e-19
52.320000000001414 1.0 0.0014805550811374352 1.6715171259481995e-20 -1.1098215424778601e-19
52.350000000001415 1.0 0.0014805550811374352 1.6715171259481995e-20 -1.1098215424778601e-19
52.38000000000142 1.0 0.0014805550811374352 1.6715171259481995e-20 -1.1098215424778601e-19
52.41000000000142 1.0 0.0014805550811374352 1.6715171259481995e-20 -1.1098215424778601e-19
52.44000000000142 1.0 0.0014805550811374352 1.6715171259481995e-20 -1.1098215424778601e-19
52.47000000000142 1.0 0.0014805550811374352 1.6715171259481995e-20 -1.1098215424778601e-19
52.50000000000142 1.0 0.0014805550811374352 1.6715171259481995e-20 -1.1098215424778601e-19
52.53000000000142 1.0 0.0014805550811374352 1.6715171259481995e-20 -1.1098215424778601e-19
52.56000000000142 1.0 0.0014805550811374352 1.6715171259481995e-20 -1.1098215424778601e-19
52.590000000001424 1.0 0.0014805550811374352 1.6715171259481995e-20 -1.1098215424778601e-19
52.620000000001426 1.0 0.0014805550811374352 1.6715171259481995e-20 -1.1098215424778601e-19
52.65000000000143 1.0 0.0014805550811374352 1.6715171259481995e-20 -1.1098215424778601e-19
52.68000000000143 1.0 0.0014805550811374352 1.6715171259481995e-20 -1.1098215424778601e-19
52.71000000000143 1.0 0.0014805550811374352 1.6715171259481995e-20 -1.1098215424778601e-19
52.74000000000143 1.0 0.0014805550811374352 1.6715171259481995e-20 -1.1098215424778601e-19
52.77000000000143 1.0 0.0014805550811374352 1.6715171259481995e-20 -1.1098215424778601e-19
52.80000000000143 1.0 0.0014805550811374352 1.6715171259481995e-20 -1.1098215424778601e-19
52.830000000001434 1.0 0.0014805550811374352 1.6715171259481995e-20 -1.1098215424778601e-19
52.860000000001435 1.0 0.0014805550811374352 1.6715171259481995e-20 -1.1098215424778601e-19
52.890000000001436 1.0 0.0014805550811374352 1.6715171259481995e-20 -1.1098215424778601e-19
52.92000000000144 1.0 0.0014805550811374352 1.6715171259481995e-20 -1.1098215424778601e-19
52.95000000000144 1.0 0.0014805550811374352 1.6715171259481995e-20 -1.1098215424778601e-19
52.98000000000144 1.0 0.0014805550811374352 1.6715171259481995e-20 -1.1098215424778601e-19
53.01000000000144 1.0 0.0014805550811374352 1.6715171259481995e-20 -1.1098215424778601e-19
53.04000000000144 1.0 0.0014805550811374352 1.6715171259481995e-20 -1.1098215424778601e-19
53.07000000000144 1.0 0.0014805550811374352 1.6715171259481995e-20 -1.1098215424778601e-19
53.100000000001444 1.0 0.0014805550811374352 1.6715171259481995e-20 -1.1098215424778601e-19
53.130000000001445 1.0 0.0014805550811374352 1.6715171259481995e-20 -1.1098215424778601e-19
53.160000000001446 1.0 0.0014805550811374352 1.6715171259481995e-20 -1.1098215424778601e-19
53.19000000000145 1.0 0.0014805550811374352 1.6715171259481995e-20 -1.1098215424778601e-19
53.22000000000145 1.0 0.0014805550811374352 1.6715171259481995e-20 -1.1098215424778601e-19
53.25000000000145 1.0 0.0014805550811374352 1.6715171259481995e-20 -1.1098215424778601e-19
53.28000000000145 1.0 0.0014805550811374352 1.6715171259481995e-20 -1.1098215424778601e-19
53.31000000000145 1.0 0.0014805550811374352 1.6715171259481995e-20 -1.1098215424778601e-19
53.34000000000145 1.0 0.0014805550811374352 1.6715171259481995e-20 -1.1098215424778601e-19
53.370000000001454 1.0 0.0014805550811374352 1.6715171259481995e-20 -1.1098215424778601e-19
53.400000000001455 1.0 0.0014805550811374352 1.6715171259481995e-20 -1.1098215424778601e-19
53.430000000001456 1.0 0.0014805550811374352 1.6715171259481995e-20 -1.1098215424778601e-19
53.46000000000146 1.0 0.0014805550811374352 1.6715171259481995e-20 -1.1098215424778601e-19
53.49000000000146 1.0 0.0014805550811374352 1.6715171259481995e-20 -1.1098215424778601e-19
53.52000000000146 1.0 0.0014805550811374352 1.6715171259481995e-20 -1.1098215424778601e-19
53.55000000000146 1.0 0.0014805550811374352 1.6715171259481995e-20 -1.1098215424778601e-19
53.58000000000146 1.0 0.0014805550811374352 1.6715171259481995e-20 -1.1098215424778601e-19
53.61000000000146 1.0 0.0014805550811374352 1.6715171259481995e-20 -1.1098215424778601e-19
53.640000000001464 1.0 0.0014805550811374352 1.6715171259481995e-20 -1.1098215424778601e-19
53.670000000001465 1.0 0.0014805550811374352 1.6715171259481995e-20 -1.1098215424778601e-19
53.70000000000147 1.0 0.0014805550811374352 1.6715171259481995e-20 -1.1098215424778601e-19
53.73000000000147 1.0 0.0014805550811374352 1.6715171259481995e-20 -1.1098215424778601e-19
53.76000000000147 1.0 0.0014805550811374352 1.6715171259481995e-20 -1.1098215424778601e-19
53.79000000000147 1.0 0.0014805550811374352 1.6715171259481995e-20 -1.1098215424778601e-19
53.82000000000147 1.0 0.0014805550811374352 1.6715171259481995e-20 -1.1098215424778601e-19
53.85000000000147 1.0 0.0014805550811374352 1.6715171259481995e-20 -1.1098215424778601e-19
53.88000000000147 1.0 0.0014805550811374352 1.6715171259481995e-20 -1.1098215424778601e-19
53.910000000001475 1.0 0.0014805550811374352 1.6715171259481995e-20 -1.1098215424778601e-19
53.940000000001476 1.0 0.0014805550811374352 1.6715171259481995e-20 -1.1098215424778601e-19
53.97000000000148 1.0 0.0014805550811374352 1.6715171259481995e-20 -1.1098215424778601e-19
54.00000000000148 1.0 0.0014805550811374352 1.6715171259481995e-20 -1.1098215424778601e-19
54.03000000000148 1.0 0.0014805550811374352 1.6715171259481995e-20 -1.1098215424778601e-19
54.06000000000148 1.0 0.0014805550811374352 1.6715171259481995e-20 -1.1098215424778601e-19
54.09000000000148 1.0 0.0014805550811374352 1.6715171259481995e-20 -1.1098215424778601e-19
54.12000000000148 1.0 0.0014805550811374352 1.6715171259481995e-20 -1.1098215424778601e-19
54.150000000001484 1.0 0.0014805550811374352 1.6715171259481995e-20 -1.1098215424778601e-19
54.180000000001485 1.0 0.0014805550811374352 1.6715171259481995e-20 -1.1098215424778601e-19
54.210000000001486 1.0 0.0014805550811374352 1.6715171259481995e-20 -1.1098215424778601e-19
54.24000000000149 1.0 0.0014805550811374352 1.6715171259481995e-20 -1.1098215424778601e-19
54.27000000000149 1.0 0.0014805550811374352 1.6715171259481995e-20 -1.1098215424778601e-19
54.30000000000149 1.0 0.0014805550811374352 1.6715171259481995e-20 -1.1098215424778601e-19
54.33000000000149 1.0 0.0014805550811374352 1.6715171259481995e-20 -1.1098215424778601e-19
54.36000000000149 1.0 0.0014805550811374352 1.6715171259481995e-20 -1.1098215424778601e-19
54.39000000000149 1.0 0.0014805550811374352 1.6715171259481995e-20 -1.1098215424778601e-19
54.420000000001494 1.0 0.0014805550811374352 1.6715171259481995e-20 -1.1098215424778601e-19
54.450000000001495 1.0 0.0014805550811374352 1.6715171259481995e-20 -1.1098215424778601e-19
54.480000000001496 1.0 0.0014805550811374352 1.6715171259481995e-20 -1.1098215424778601e-19
54.5100000000015 1.0 0.0014805550811374352 1.6715171259481995e-20 -1.1098215424778601e-19
54.5400000000015 1.0 0.0014805550811374352 1.6715171259481995e-20 -1.1098215424778601e-19
54.5700000000015 1.0 0.0014805550811374352 1.6715171259481995e-20 -1.1098215424778601e-19
54.6000000000015 1.0 0.0014805550811374352 1.6715171259481995e-20 -1.1098215424778601e-19
54.6300000000015 1.0 0.0014805550811374352 1.6715171259481995e-20 -1.1098215424778601e-19
54.6600000000015 1.0 0.0014805550811374352 1.6715171259481995e-20 -1.1098215424778601e-19
54.690000000001504 1.0 0.0014805550811374352 1.6715171259481995e-20 -1.1098215424778601e-19
54.720000000001505 1.0 0.0014805550811374352 1.6715171259481995e-20 -1.1098215424778601e-19
54.750000000001506 1.0 0.0014805550811374352 1.6715171259481995e-20 -1.1098215424778601e-19
54.78000000000151 1.0 0.0014805550811374352 1.6715171259481995e-20 -1.1098215424778601e-19
54.81000000000151 1.0 0.0014805550811374352 1.6715171259481995e-20 -1.1098215424778601e-19
54.84000000000151 1.0 0.0014805550811374352 1.6715171259481995e-20 -1.1098215424778601e-19
54.87000000000151 1.0 0.0014805550811374352 1.6715171259481995e-20 -1.1098215424778601e-19
54.90000000000151 1.0 0.0014805550811374352 1.6715171259481995e-20 -1.1098215424778601e-19
54.93000000000151 1.0 0.0014805550811374352 1.6715171259481995e-20 -1.1098215424778601e-19
54.960000000001514 1.0 0.0014805550811374352 1.6715171259481995e-20 -1.1098215424778601e-19
54.990000000001515 1.0 0.0014805550811374352 1.6715171259481995e-20 -1.1098215424778601e-19
55.02000000000152 1.0 0.0014805550811374352 1.6715171259481995e-20 -1.1098215424778601e-19
55.05000000000152 1.0 0.0014805550811374352 1.6715171259481995e-20 -1.1098215424778601e-19
55.08000000000152 1.0 0.0014805550811374352 1.6715171259481995e-20 -1.1098215424778601e-19
55.11000000000152 1.0 0.0014805550811374352 1.6715171259481995e-20 -1.1098215424778601e-19
55.14000000000152 1.0 0.0014805550811374352 1.6715171259481995e-20 -1.1098215424778601e-19
55.17000000000152 1.0 0.0014805550811374352 1.6715171259481995e-20 -1.1098215424778601e-19
55.20000000000152 1.0 0.0014805550811374352 1.6715171259481995e-20 -1.1098215424778601e-19
55.230000000001525 1.0 0.0014805550811374352 1.6715171259481995e-20 -1.1098215424778601e-19
55.260000000001526 1.0 0.0014805550811374352 1.6715171259481995e-20 -1.1098215424778601e-19
55.29000000000153 1.0 0.0014805550811374352 1.6715171259481995e-20 -1.1098215424778601e-19
55.32000000000153 1.0 0.0014805550811374352 1.6715171259481995e-20 -1.1098215424778601e-19
55.35000000000153 1.0 0.0014805550811374352 1.6715171259481995e-20 -1.1098215424778601e-19
55.38000000000153 1.0 0.0014805550811374352 1.6715171259481995e-20 -1.1098215424778601e-19
55.41000000000153 1.0 0.0014805550811374352 1.6715171259481995e-20 -1.1098215424778601e-19
55.44000000000153 1.0 0.0014805550811374352 1.6715171259481995e-20 -1.1098215424778601e-19
55.470000000001534 1.0 0.0014805550811374352 1.6715171259481995e-20 -1.1098215424778601e-19
55.500000000001535 1.0 0.0014805550811374352 1.6715171259481995e-20 -1.1098215424778601e-19
55.530000000001536 1.0 0.0014805550811374352 1.6715171259481995e-20 -1.1098215424778601e-19
55.56000000000154 1.0 0.0014805550811374352 1.6715171259481995e-20 -1.1098215424778601e-19
55.59000000000154 1.0 0.0014805550811374352 1.6715171259481995e-20 -1.1098215424778601e-19
55.62000000000154 1.0 0.0014805550811374352 1.6715171259481995e-20 -1.1098215424778601e-19
55.65000000000154 1.0 0.0014805550811374352 1.6715171259481995e-20 -1.1098215424778601e-19
55.68000000000154 1.0 0.0014805550811374352 1.6715171259481995e-20 -1.1098215424778601e-19
55.71000000000154 1.0 0.0014805550811374352 1.6715171259481995e-20 -1.1098215424778601e-19
55.740000000001544 1.0 0.0014805550811374352 1.6715171259481995e-20 -1.1098215424778601e-19
55.770000000001545 1.0 0.0014805550811374352 1.6715171259481995e-20 -1.1098215424778601e-19
55.800000000001546 1.0 0.0014805550811374352 1.6715171259481995e-20 -1.1098215424778601e-19
55.83000000000155 1.0 0.0014805550811374352 1.6715171259481995e-20 -1.1098215424778601e-19
55.86000000000155 1.0 0.0014805550811374352 1.6715171259481995e-20 -1.1098215424778601e-19
55.89000000000155 1.0 0.0014805550811374352 1.6715171259481995e-20 -1.1098215424778601e-19
55.92000000000155 1.0 0.0014805550811374352 1.6715171259481995e-20 -1.1098215424778601e-19
55.95000000000155 1.0 0.0014805550811374352 1.6715171259481995e-20 -1.1098215424778601e-19
55.98000000000155 1.0 0.0014805550811374352 1.6715171259481995e-20 -1.1098215424778601e-19
56.010000000001554 1.0 0.0014805550811374352 1.6715171259481995e-20 -1.1098215424778601e-19
56.040000000001555 1.0 0.0014805550811374352 1.6715171259481995e-20 -1.1098215424778601e-19
56.070000000001556 1.0 0.0014805550811374352 1.6715171259481995e-20 -1.1098215424778601e-19
56.10000000000156 1.0 0.0014805550811374352 1.6715171259481995e-20 -1.1098215424778601e-19
56.13000000000156 1.0 0.0014805550811374352 1.6715171259481995e-20 -1.1098215424778601e-19
56.16000000000156 1.0 0.0014805550811374352 1.6715171259481995e-20 -1.1098215424778601e-19
56.19000000000156 1.0 0.0014805550811374352 1.6715171259481995e-20 -1.1098215424778601e-19
56.22000000000156 1.0 0.0014805550811374352 1.6715171259481995e-20 -1.1098215424778601e-19
56.25000000000156 1.0 0.0014805550811374352 1.6715171259481995e-20 -1.1098215424778601e-19
56.280000000001564 1.0 0.0014805550811374352 1.6715171259481995e-20 -1.1098215424778601e-19
56.310000000001565 1.0 0.0014805550811374352 1.6715171259481995e-20 -1.1098215424778601e-19
56.34000000000157 1.0 0.0014805550811374352 1.6715171259481995e-20 -1.1098215424778601e-19
56.37000000000157 1.0 0.0014805550811374352 1.6715171259481995e-20 -1.1098215424778601e-19
56.40000000000157 1.0 0.0014805550811374352 1.6715171259481995e-20 -1.1098215424778601e-19
56.43000000000157 1.0 0.0014805550811374352 1.6715171259481995e-20 -1.1098215424778601e-19
56.46000000000157 1.0 0.0014805550811374352 1.6715171259481995e-20 -1.1098215424778601e-19
56.49000000000157 1.0 0.0014805550811374352 1.6715171259481995e-20 -1.1098215424778601e-19
56.52000000000157 1.0 0.0014805550811374352 1.6715171259481995e-20 -1.1098215424778601e-19
56.550000000001575 1.0 0.0014805550811374352 1.6715171259481995e-20 -1.1098215424778601e-19
56.580000000001576 1.0 0.0014805550811374352 1.6715171259481995e-20 -1.1098215424778601e-19
56.61000000000158 1.0 0.0014805550811374352 1.6715171259481995e-20 -1.1098215424778601e-19
56.64000000000158 1.0 0.0014805550811374352 1.6715171259481995e-20 -1.1098215424778601e-19
56.67000000000158 1.0 0.0014805550811374352 1.6715171259481995e-20 -1.1098215424778601e-19
56.70000000000158 1.0 0.0014805550811374352 1.6715171259481995e-20 -1.1098215424778601e-19
56.73000000000158 1.0 0.0014805550811374352 1.6715171259481995e-20 -1.1098215424778601e-19
56.76000000000158 1.0 0.0014805550811374352 1.6715171259481995e-20 -1.1098215424778601e-19
56.790000000001584 1.0 0.0014805550811374352 1.6715171259481995e-20 -1.1098215424778601e-19
56.820000000001585 1.0 0.0014805550811374352 1.6715171259481995e-20 -1.1098215424778601e-19
56.850000000001586 1.0 0.0014805550811374352 1.6715171259481995e-20 -1.1098215424778601e-19
56.88000000000159 1.0 0.0014805550811374352 1.6715171259481995e-20 -1.1098215424778601e-19
56.91000000000159 1.0 0.0014805550811374352 1.6715171259481995e-20 -1.1098215424778601e-19
56.94000000000159 1.0 0.0014805550811374352 1.6715171259481995e-20 -1.1098215424778601e-19
56.97000000000159 1.0 0.0014805550811374352 1.6715171259481995e-20 -1.1098215424778601e-19
57.00000000000159 1.0 0.0014805550811374352 1.6715171259481995e-20 -1.1098215424778601e-19
57.03000000000159 1.0 0.0014805550811374352 1.6715171259481995e-20 -1.1098215424778601e-19
57.060000000001594 1.0 0.0014805550811374352 1.6715171259481995e-20 -1.1098215424778601e-19
57.090000000001595 1.0 0.0014805550811374352 1.6715171259481995e-20 -1.1098215424778601e-19
57.120000000001596 1.0 0.0014805550811374352 1.6715171259481995e-20 -1.1098215424778601e-19
57.1500000000016 1.0 0.0014805550811374352 1.6715171259481995e-20 -1.1098215424778601e-19
57.1800000000016 1.0 0.0014805550811374352 1.6715171259481995e-20 -1.1098215424778601e-19
57.2100000000016 1.0 0.0014805550811374352 1.6715171259481995e-20 -1.1098215424778601e-19
57.2400000000016 1.0 0.0014805550811374352 1.6715171259481995e-20 -1.1098215424778601e-19
57.2700000000016 1.0 0.0014805550811374352 1.6715171259481995e-20 -1.1098215424778601e-19
57.3000000000016 1.0 0.0014805550811374352 1.6715171259481995e-20 -1.1098215424778601e-19
57.330000000001604 1.0 0.0014805550811374352 1.6715171259481995e-20 -1.1098215424778601e-19
57.360000000001605 1.0 0.0014805550811374352 1.6715171259481995e-20 -1.1098215424778601e-19
57.390000000001606 1.0 0.0014805550811374352 1.6715171259481995e-20 -1.1098215424778601e-19
57.42000000000161 1.0 0.0014805550811374352 1.6715171259481995e-20 -1.1098215424778601e-19
57.45000000000161 1.0 0.0014805550811374352 1.6715171259481995e-20 -1.1098215424778601e-19
57.48000000000161 1.0 0.0014805550811374352 1.6715171259481995e-20 -1.1098215424778601e-19
57.51000000000161 1.0 0.0014805550811374352 1.6715171259481995e-20 -1.1098215424778601e-19
57.54000000000161 1.0 0.0014805550811374352 1.6715171259481995e-20 -1.1098215424778601e-19
57.57000000000161 1.0 0.0014805550811374352 1.6715171259481995e-20 -1.1098215424778601e-19
57.600000000001614 1.0 0.0014805550811374352 1.6715171259481995e-20 -1.1098215424778601e-19
57.630000000001615 1.0 0.0014805550811374352 1.6715171259481995e-20 -1.1098215424778601e-19
57.66000000000162 1.0 0.0014805550811374352 1.6715171259481995e-20 -1.1098215424778601e-19
57.69000000000162 1.0 0.0014805550811374352 1.6715171259481995e-20 -1.1098215424778601e-19
57.72000000000162 1.0 0.0014805550811374352 1.6715171259481995e-20 -1.1098215424778601e-19
57.75000000000162 1.0 0.0014805550811374352 1.6715171259481995e-20 -1.1098215424778601e-19
57.78000000000162 1.0 0.0014805550811374352 1.6715171259481995e-20 -1.1098215424778601e-19
57.81000000000162 1.0 0.0014805550811374352 1.6715171259481995e-20 -1.1098215424778601e-19
57.84000000000162 1.0 0.0014805550811374352 1.6715171259481995e-20 -1.1098215424778601e-19
57.870000000001625 1.0 0.0014805550811374352 1.6715171259481995e-20 -1.1098215424778601e-19
57.900000000001626 1.0 0.0014805550811374352 1.6715171259481995e-20 -1.1098215424778601e-19
57.93000000000163 1.0 0.0014805550811374352 1.6715171259481995e-20 -1.1098215424778601e-19
57.96000000000163 1.0 0.0014805550811374352 1.6715171259481995e-20 -1.1098215424778601e-19
57.99000000000163 1.0 0.0014805550811374352 1.6715171259481995e-20 -1.1098215424778601e-19
58.02000000000163 1.0 0.0014805550811374352 1.6715171259481995e-20 -1.1098215424778601e-19
58.05000000000163 1.0 0.0014805550811374352 1.6715171259481995e-20 -1.1098215424778601e-19
58.08000000000163 1.0 0.0014805550811374352 1.6715171259481995e-20 -1.1098215424778601e-19
58.110000000001634 1.0 0.0014805550811374352 1.6715171259481995e-20 -1.1098215424778601e-19
58.140000000001635 1.0 0.0014805550811374352 1.6715171259481995e-20 -1.1098215424778601e-19
58.170000000001636 1.0 0.0014805550811374352 1.6715171259481995e-20 -1.1098215424778601e-19
58.20000000000164 1.0 0.0014805550811374352 1.6715171259481995e-20 -1.1098215424778601e-19
58.23000000000164 1.0 0.0014805550811374352 1.6715171259481995e-20 -1.1098215424778601e-19
58.26000000000164 1.0 0.0014805550811374352 1.6715171259481995e-20 -1.1098215424778601e-19
58.29000000000164 1.0 0.0014805550811374352 1.6715171259481995e-20 -1.1098215424778601e-19
58.32000000000164 1.0 0.0014805550811374352 1.6715171259481995e-20 -1.1098215424778601e-19
58.35000000000164 1.0 0.0014805550811374352 1.6715171259481995e-20 -1.1098215424778601e-19
58.380000000001644 1.0 0.0014805550811374352 1.6715171259481995e-20 -1.1098215424778601e-19
58.410000000001645 1.0 0.0014805550811374352 1.6715171259481995e-20 -1.1098215424778601e-19
58.440000000001646 1.0 0.0014805550811374352 1.6715171259481995e-20 -1.1098215424778601e-19
58.47000000000165 1.0 0.0014805550811374352 1.6715171259481995e-20 -1.1098215424778601e-19
58.50000000000165 1.0 0.0014805550811374352 1.6715171259481995e-20 -1.1098215424778601e-19
58.53000000000165 1.0 0.0014805550811374352 1.6715171259481995e-20 -1.1098215424778601e-19
58.56000000000165 1.0 0.0014805550811374352 1.6715171259481995e-20 -1.1098215424778601e-19
58.59000000000165 1.0 0.0014805550811374352 1.6715171259481995e-20 -1.1098215424778601e-19
58.62000000000165 1.0 0.0014805550811374352 1.6715171259481995e-20 -1.1098215424778601e-19
58.650000000001654 1.0 0.0014805550811374352 1.6715171259481995e-20 -1.1098215424778601e-19
58.680000000001655 1.0 0.0014805550811374352 1.6715171259481995e-20 -1.1098215424778601e-19
58.710000000001656 1.0 0.0014805550811374352 1.6715171259481995e-20 -1.1098215424778601e-19
58.74000000000166 1.0 0.0014805550811374352 1.6715171259481995e-20 -1.1098215424778601e-19
58.77000000000166 1.0 0.0014805550811374352 1.6715171259481995e-20 -1.1098215424778601e-19
58.80000000000166 1.0 0.0014805550811374352 1.6715171259481995e-20 -1.1098215424778601e-19
58.83000000000166 1.0 0.0014805550811374352 1.6715171259481995e-20 -1.1098215424778601e-19
58.86000000000166 1.0 0.0014805550811374352 1.6715171259481995e-20 -1.1098215424778601e-19
58.89000000000166 1.0 0.0014805550811374352 1.6715171259481995e-20 -1.1098215424778601e-19
58.920000000001664 1.0 0.0014805550811374352 1.6715171259481995e-20 -1.1098215424778601e-19
58.950000000001666 1.0 0.0014805550811374352 1.6715171259481995e-20 -1.1098215424778601e-19
58.98000000000167 1.0 0.0014805550811374352 1.6715171259481995e-20 -1.1098215424778601e-19
59.01000000000167 1.0 0.0014805550811374352 1.6715171259481995e-20 -1.1098215424778601e-19
59.04000000000167 1.0 0.0014805550811374352 1.6715171259481995e-20 -1.1098215424778601e-19
59.07000000000167 1.0 0.0014805550811374352 1.6715171259481995e-20 -1.1098215424778601e-19
59.10000000000167 1.0 0.0014805550811374352 1.6715171259481995e-20 -1.1098215424778601e-19
59.13000000000167 1.0 0.0014805550811374352 1.6715171259481995e-20 -1.1098215424778601e-19
59.16000000000167 1.0 0.0014805550811374352 1.6715171259481995e-20 -1.1098215424778601e-19
59.190000000001675 1.0 0.0014805550811374352 1.6715171259481995e-20 -1.1098215424778601e-19
59.220000000001676 1.0 0.0014805550811374352 1.6715171259481995e-20 -1.1098215424778601e-19
59.25000000000168 1.0 0.0014805550811374352 1.6715171259481995e-20 -1.1098215424778601e-19
59.28000000000168 1.0 0.0014805550811374352 1.6715171259481995e-20 -1.1098215424778601e-19
59.31000000000168 1.0 0.0014805550811374352 1.6715171259481995e-20 -1.1098215424778601e-19
59.34000000000168 1.0 0.0014805550811374352 1.6715171259481995e-20 -1.1098215424778601e-19
59.37000000000168 1.0 0.0014805550811374352 1.6715171259481995e-20 -1.1098215424778601e-19
59.40000000000168 1.0 0.0014805550811374352 1.6715171259481995e-20 -1.1098215424778601e-19
59.430000000001684 1.0 0.0014805550811374352 1.6715171259481995e-20 -1.1098215424778601e-19
59.460000000001685 1.0 0.0014805550811374352 1.6715171259481995e-20 -1.1098215424778601e-19
59.490000000001686 1.0 0.0014805550811374352 1.6715171259481995e-20 -1.1098215424778601e-19
59.52000000000169 1.0 0.0014805550811374352 1.6715171259481995e-20 -1.1098215424778601e-19
59.55000000000169 1.0 0.0014805550811374352 1.6715171259481995e-20 -1.1098215424778601e-19
59.58000000000169 1.0 0.0014805550811374352 1.6715171259481995e-20 -1.1098215424778601e-19
59.61000000000169 1.0 0.0014805550811374352 1.6715171259481995e-20 -1.1098215424778601e-19
59.64000000000169 1.0 0.0014805550811374352 1.6715171259481995e-20 -1.1098215424778601e-19
59.67000000000169 1.0 0.0014805550811374352 1.6715171259481995e-20 -1.1098215424778601e-19
59.700000000001694 1.0 0.0014805550811374352 1.6715171259481995e-20 -1.1098215424778601e-19
59.730000000001695 1.0 0.0014805550811374352 1.6715171259481995e-20 -1.1098215424778601e-19
59.760000000001696 1.0 0.0014805550811374352 1.6715171259481995e-20 -1.1098215424778601e-19
59.7900000000017 1.0 0.0014805550811374352 1.6715171259481995e-20 -1.1098215424778601e-19
59.8200000000017 1.0 0.0014805550811374352 1.6715171259481995e-20 -1.1098215424778601e-19
59.8500000000017 1.0 0.0014805550811374352 1.6715171259481995e-20 -1.1098215424778601e-19
59.8800000000017 1.0 0.0014805550811374352 1.6715171259481995e-20 -1.1098215424778601e-19
59.9100000000017 1.0 0.0014805550811374352 1.6715171259481995e-20 -1.1098215424778601e-19
59.9400000000017 1.0 0.0014805550811374352 1.6715171259481995e-20 -1.1098215424778601e-19
59.970000000001704 1.0 0.0014805550811374352 1.6715171259481995e-20 -1.1098215424778601e-19
60.000000000001705 1.0 0.0014805550811374352 1.6715171259481995e-20 -1.1098215424778601e-19
60.030000000001706 1.0 0.0014805550811374352 1.6715171259481995e-20 -1.1098215424778601e-19
60.06000000000171 1.0 0.0014805550811374352 1.6715171259481995e-20 -1.1098215424778601e-19
60.09000000000171 1.0 0.0014805550811374352 1.6715171259481995e-20 -1.1098215424778601e-19
60.12000000000171 1.0 0.0014805550811374352 1.6715171259481995e-20 -1.1098215424778601e-19
60.15000000000171 1.0 0.0014805550811374352 1.6715171259481995e-20 -1.1098215424778601e-19
60.18000000000171 1.0 0.0014805550811374352 1.6715171259481995e-20 -1.1098215424778601e-19
60.21000000000171 1.0 0.0014805550811374352 1.6715171259481995e-20 -1.1098215424778601e-19
60.240000000001714 1.0 0.0014805550811374352 1.6715171259481995e-20 -1.1098215424778601e-19
60.270000000001716 1.0 0.0014805550811374352 1.6715171259481995e-20 -1.1098215424778601e-19
60.30000000000172 1.0 0.0014805550811374352 1.6715171259481995e-20 -1.1098215424778601e-19
60.33000000000172 1.0 0.0014805550811374352 1.6715171259481995e-20 -1.1098215424778601e-19
60.36000000000172 1.0 0.0014805550811374352 1.6715171259481995e-20 -1.1098215424778601e-19
60.39000000000172 1.0 0.0014805550811374352 1.6715171259481995e-20 -1.1098215424778601e-19
60.42000000000172 1.0 0.0014805550811374352 1.6715171259481995e-20 -1.1098215424778601e-19
60.45000000000172 1.0 0.0014805550811374352 1.6715171259481995e-20 -1.1098215424778601e-19
60.48000000000172 1.0 0.0014805550811374352 1.6715171259481995e-20 -1.1098215424778601e-19
60.510000000001725 1.0 0.0014805550811374352 1.6715171259481995e-20 -1.1098215424778601e-19
60.540000000001726 1.0 0.0014805550811374352 1.6715171259481995e-20 -1.1098215424778601e-19
60.57000000000173 1.0 0.0014805550811374352 1.6715171259481995e-20 -1.1098215424778601e-19
60.60000000000173 1.0 0.0014805550811374352 1.6715171259481995e-20 -1.1098215424778601e-19
60.63000000000173 1.0 0.0014805550811374352 1.6715171259481995e-20 -1.1098215424778601e-19
60.66000000000173 1.0 0.0014805550811374352 1.6715171259481995e-20 -1.1098215424778601e-19
60.69000000000173 1.0 0.0014805550811374352 1.6715171259481995e-20 -1.1098215424778601e-19
60.72000000000173 1.0 0.0014805550811374352 1.6715171259481995e-20 -1.1098215424778601e-19
60.750000000001734 1.0 0.0014805550811374352 1.6715171259481995e-20 -1.1098215424778601e-19
60.780000000001735 1.0 0.0014805550811374352 1.6715171259481995e-20 -1.1098215424778601e-19
60.810000000001736 1.0 0.0014805550811374352 1.6715171259481995e-20 -1.1098215424778601e-19
60.84000000000174 1.0 0.0014805550811374352 1.6715171259481995e-20 -1.1098215424778601e-19
60.87000000000174 1.0 0.0014805550811374352 1.6715171259481995e-20 -1.1098215424778601e-19
60.90000000000174 1.0 0.0014805550811374352 1.6715171259481995e-20 -1.1098215424778601e-19
60.93000000000174 1.0 0.0014805550811374352 1.6715171259481995e-20 -1.1098215424778601e-19
60.96000000000174 1.0 0.0014805550811374352 1.6715171259481995e-20 -1.1098215424778601e-19
60.99000000000174 1.0 0.0014805550811374352 1.6715171259481995e-20 -1.1098215424778601e-19
61.020000000001744 1.0 0.0014805550811374352 1.6715171259481995e-20 -1.1098215424778601e-19
61.050000000001745 1.0 0.0014805550811374352 1.6715171259481995e-20 -1.1098215424778601e-19
61.080000000001746 1.0 0.0014805550811374352 1.6715171259481995e-20 -1.1098215424778601e-19
61.11000000000175 1.0 0.0014805550811374352 1.6715171259481995e-20 -1.1098215424778601e-19
61.14000000000175 1.0 0.0014805550811374352 1.6715171259481995e-20 -1.1098215424778601e-19
61.17000000000175 1.0 0.0014805550811374352 1.6715171259481995e-20 -1.1098215424778601e-19
61.20000000000175 1.0 0.0014805550811374352 1.6715171259481995e-20 -1.1098215424778601e-19
61.23000000000175 1.0 0.0014805550811374352 1.6715171259481995e-20 -1.1098215424778601e-19
61.26000000000175 1.0 0.0014805550811374352 1.6715171259481995e-20 -1.1098215424778601e-19
61.290000000001754 1.0 0.0014805550811374352 1.6715171259481995e-20 -1.1098215424778601e-19
61.320000000001755 1.0 0.0014805550811374352 1.6715171259481995e-20 -1.1098215424778601e-19
61.35000000000176 1.0 0.0014805550811374352 1.6715171259481995e-20 -1.1098215424778601e-19
61.38000000000176 1.0 0.0014805550811374352 1.6715171259481995e-20 -1.1098215424778601e-19
61.41000000000176 1.0 0.0014805550811374352 1.6715171259481995e-20 -1.1098215424778601e-19
61.44000000000176 1.0 0.0014805550811374352 1.6715171259481995e-20 -1.1098215424778601e-19
61.47000000000176 1.0 0.0014805550811374352 1.6715171259481995e-20 -1.1098215424778601e-19
61.50000000000176 1.0 0.0014805550811374352 1.6715171259481995e-20 -1.1098215424778601e-19
61.53000000000176 1.0 0.0014805550811374352 1.6715171259481995e-20 -1.1098215424778601e-19
61.560000000001764 1.0 0.0014805550811374352 1.6715171259481995e-20 -1.1098215424778601e-19
61.590000000001766 1.0 0.0014805550811374352 1.6715171259481995e-20 -1.1098215424778601e-19
61.62000000000177 1.0 0.0014805550811374352 1.6715171259481995e-20 -1.1098215424778601e-19
61.65000000000177 1.0 0.0014805550811374352 1.6715171259481995e-20 -1.1098215424778601e-19
61.68000000000177 1.0 0.0014805550811374352 1.6715171259481995e-20 -1.1098215424778601e-19
61.71000000000177 1.0 0.0014805550811374352 1.6715171259481995e-20 -1.1098215424778601e-19
61.74000000000177 1.0 0.0014805550811374352 1.6715171259481995e-20 -1.1098215424778601e-19
61.77000000000177 1.0 0.0014805550811374352 1.6715171259481995e-20 -1.1098215424778601e-19
61.80000000000177 1.0 0.0014805550811374352 1.6715171259481995e-20 -1.1098215424778601e-19
61.830000000001775 1.0 0.0014805550811374352 1.6715171259481995e-20 -1.1098215424778601e-19
61.860000000001776 1.0 0.0014805550811374352 1.6715171259481995e-20 -1.1098215424778601e-19
61.89000000000178 1.0 0.0014805550811374352 1.6715171259481995e-20 -1.1098215424778601e-19
61.92000000000178 1.0 0.0014805550811374352 1.6715171259481995e-20 -1.1098215424778601e-19
61.95000000000178 1.0 0.0014805550811374352 1.6715171259481995e-20 -1.1098215424778601e-19
61.98000000000178 1.0 0.0014805550811374352 1.6715171259481995e-20 -1.1098215424778601e-19
62.01000000000178 1.0 0.0014805550811374352 1.6715171259481995e-20 -1.1098215424778601e-19
62.04000000000178 1.0 0.0014805550811374352 1.6715171259481995e-20 -1.1098215424778601e-19
62.070000000001784 1.0 0.0014805550811374352 1.6715171259481995e-20 -1.1098215424778601e-19
62.100000000001785 1.0 0.0014805550811374352 1.6715171259481995e-20 -1.1098215424778601e-19
62.130000000001786 1.0 0.0014805550811374352 1.6715171259481995e-20 -1.1098215424778601e-19
62.16000000000179 1.0 0.0014805550811374352 1.6715171259481995e-20 -1.1098215424778601e-19
62.19000000000179 1.0 0.0014805550811374352 1.6715171259481995e-20 -1.1098215424778601e-19
62.22000000000179 1.0 0.0014805550811374352 1.6715171259481995e-20 -1.1098215424778601e-19
62.25000000000179 1.0 0.0014805550811374352 1.6715171259481995e-20 -1.1098215424778601e-19
62.28000000000179 1.0 0.0014805550811374352 1.6715171259481995e-20 -1.1098215424778601e-19
62.31000000000179 1.0 0.0014805550811374352 1.6715171259481995e-20 -1.1098215424778601e-19
62.340000000001794 1.0 0.0014805550811374352 1.6715171259481995e-20 -1.1098215424778601e-19
62.370000000001795 1.0 0.0014805550811374352 1.6715171259481995e-20 -1.1098215424778601e-19
62.400000000001796 1.0 0.0014805550811374352 1.6715171259481995e-20 -1.1098215424778601e-19
62.4300000000018 1.0 0.0014805550811374352 1.6715171259481995e-20 -1.1098215424778601e-19
62.4600000000018 1.0 0.0014805550811374352 1.6715171259481995e-20 -1.1098215424778601e-19
62.4900000000018 1.0 0.0014805550811374352 1.6715171259481995e-20 -1.1098215424778601e-19
62.5200000000018 1.0 0.0014805550811374352 1.6715171259481995e-20 -1.1098215424778601e-19
62.5500000000018 1.0 0.0014805550811374352 1.6715171259481995e-20 -1.1098215424778601e-19
62.5800000000018 1.0 0.0014805550811374352 1.6715171259481995e-20 -1.1098215424778601e-19
62.610000000001804 1.0 0.0014805550811374352 1.6715171259481995e-20 -1.1098215424778601e-19
62.640000000001805 1.0 0.0014805550811374352 1.6715171259481995e-20 -1.1098215424778601e-19
62.67000000000181 1.0 0.0014805550811374352 1.6715171259481995e-20 -1.1098215424778601e-19
62.70000000000181 1.0 0.0014805550811374352 1.6715171259481995e-20 -1.1098215424778601e-19
62.73000000000181 1.0 0.0014805550811374352 1.6715171259481995e-20 -1.1098215424778601e-19
62.76000000000181 1.0 0.0014805550811374352 1.6715171259481995e-20 -1.1098215424778601e-19
62.79000000000181 1.0 0.0014805550811374352 1.6715171259481995e-20 -1.1098215424778601e-19
62.82000000000181 1.0 0.0014805550811374352 1.6715171259481995e-20 -1.1098215424778601e-19
62.85000000000181 1.0 0.0014805550811374352 1.6715171259481995e-20 -1.1098215424778601e-19
62.880000000001814 1.0 0.0014805550811374352 1.6715171259481995e-20 -1.1098215424778601e-19
62.910000000001816 1.0 0.0014805550811374352 1.6715171259481995e-20 -1.1098215424778601e-19
62.94000000000182 1.0 0.0014805550811374352 1.6715171259481995e-20 -1.1098215424778601e-19
62.97000000000182 1.0 0.0014805550811374352 1.6715171259481995e-20 -1.1098215424778601e-19
63.00000000000182 1.0 0.0014805550811374352 1.6715171259481995e-20 -1.1098215424778601e-19
63.03000000000182 1.0 0.0014805550811374352 1.6715171259481995e-20 -1.1098215424778601e-19
63.06000000000182 1.0 0.0014805550811374352 1.6715171259481995e-20 -1.1098215424778601e-19
63.09000000000182 1.0 0.0014805550811374352 1.6715171259481995e-20 -1.1098215424778601e-19
63.12000000000182 1.0 0.0014805550811374352 1.6715171259481995e-20 -1.1098215424778601e-19
63.150000000001825 1.0 0.0014805550811374352 1.6715171259481995e-20 -1.1098215424778601e-19
63.180000000001826 1.0 0.0014805550811374352 1.6715171259481995e-20 -1.1098215424778601e-19
63.21000000000183 1.0 0.0014805550811374352 1.6715171259481995e-20 -1.1098215424778601e-19
63.24000000000183 1.0 0.0014805550811374352 1.6715171259481995e-20 -1.1098215424778601e-19
63.27000000000183 1.0 0.0014805550811374352 1.6715171259481995e-20 -1.1098215424778601e-19
63.30000000000183 1.0 0.0014805550811374352 1.6715171259481995e-20 -1.1098215424778601e-19
63.33000000000183 1.0 0.0014805550811374352 1.6715171259481995e-20 -1.1098215424778601e-19
63.36000000000183 1.0 0.0014805550811374352 1.6715171259481995e-20 -1.1098215424778601e-19
63.390000000001834 1.0 0.0014805550811374352 1.6715171259481995e-20 -1.1098215424778601e-19
63.420000000001835 1.0 0.0014805550811374352 1.6715171259481995e-20 -1.1098215424778601e-19
63.450000000001836 1.0 0.0014805550811374352 1.6715171259481995e-20 -1.1098215424778601e-19
63.48000000000184 1.0 0.0014805550811374352 1.6715171259481995e-20 -1.1098215424778601e-19
63.51000000000184 1.0 0.0014805550811374352 1.6715171259481995e-20 -1.1098215424778601e-19
63.54000000000184 1.0 0.0014805550811374352 1.6715171259481995e-20 -1.1098215424778601e-19
63.57000000000184 1.0 0.0014805550811374352 1.6715171259481995e-20 -1.1098215424778601e-19
63.60000000000184 1.0 0.0014805550811374352 1.6715171259481995e-20 -1.1098215424778601e-19
63.63000000000184 1.0 0.0014805550811374352 1.6715171259481995e-20 -1.1098215424778601e-19
63.660000000001844 1.0 0.0014805550811374352 1.6715171259481995e-20 -1.1098215424778601e-19
63.690000000001845 1.0 0.0014805550811374352 1.6715171259481995e-20 -1.1098215424778601e-19
63.720000000001846 1.0 0.0014805550811374352 1.6715171259481995e-20 -1.1098215424778601e-19
63.75000000000185 1.0 0.0014805550811374352 1.6715171259481995e-20 -1.1098215424778601e-19
63.78000000000185 1.0 0.0014805550811374352 1.6715171259481995e-20 -1.1098215424778601e-19
63.81000000000185 1.0 0.0014805550811374352 1.6715171259481995e-20 -1.1098215424778601e-19
63.84000000000185 1.0 0.0014805550811374352 1.6715171259481995e-20 -1.1098215424778601e-19
63.87000000000185 1.0 0.0014805550811374352 1.6715171259481995e-20 -1.1098215424778601e-19
63.90000000000185 1.0 0.0014805550811374352 1.6715171259481995e-20 -1.1098215424778601e-19
63.930000000001854 1.0 0.0014805550811374352 1.6715171259481995e-20 -1.1098215424778601e-19
63.960000000001855 1.0 0.0014805550811374352 1.6715171259481995e-20 -1.1098215424778601e-19
63.99000000000186 1.0 0.0014805550811374352 1.6715171259481995e-20 -1.1098215424778601e-19
64.02000000000186 1.0 0.0014805550811374352 1.6715171259481995e-20 -1.1098215424778601e-19
64.05000000000186 1.0 0.0014805550811374352 1.6715171259481995e-20 -1.1098215424778601e-19
64.08000000000186 1.0 0.0014805550811374352 1.6715171259481995e-20 -1.1098215424778601e-19
64.11000000000186 1.0 0.0014805550811374352 1.6715171259481995e-20 -1.1098215424778601e-19
64.14000000000186 1.0 0.0014805550811374352 1.6715171259481995e-20 -1.1098215424778601e-19
64.17000000000186 1.0 0.0014805550811374352 1.6715171259481995e-20 -1.1098215424778601e-19
64.20000000000186 1.0 0.0014805550811374352 1.6715171259481995e-20 -1.1098215424778601e-19
64.23000000000187 1.0 0.0014805550811374352 1.6715171259481995e-20 -1.1098215424778601e-19
64.26000000000187 1.0 0.0014805550811374352 1.6715171259481995e-20 -1.1098215424778601e-19
64.29000000000187 1.0 0.0014805550811374352 1.6715171259481995e-20 -1.1098215424778601e-19
64.32000000000187 1.0 0.0014805550811374352 1.6715171259481995e-20 -1.1098215424778601e-19
64.35000000000187 1.0 0.0014805550811374352 1.6715171259481995e-20 -1.1098215424778601e-19
64.38000000000187 1.0 0.0014805550811374352 1.6715171259481995e-20 -1.1098215424778601e-19
64.41000000000187 1.0 0.0014805550811374352 1.6715171259481995e-20 -1.1098215424778601e-19
64.44000000000187 1.0 0.0014805550811374352 1.6715171259481995e-20 -1.1098215424778601e-19
64.47000000000187 1.0 0.0014805550811374352 1.6715171259481995e-20 -1.1098215424778601e-19
64.50000000000188 1.0 0.0014805550811374352 1.6715171259481995e-20 -1.1098215424778601e-19
64.53000000000188 1.0 0.0014805550811374352 1.6715171259481995e-20 -1.1098215424778601e-19
64.56000000000188 1.0 0.0014805550811374352 1.6715171259481995e-20 -1.1098215424778601e-19
64.59000000000188 1.0 0.0014805550811374352 1.6715171259481995e-20 -1.1098215424778601e-19
64.62000000000188 1.0 0.0014805550811374352 1.6715171259481995e-20 -1.1098215424778601e-19
64.65000000000188 1.0 0.0014805550811374352 1.6715171259481995e-20 -1.1098215424778601e-19
64.68000000000188 1.0 0.0014805550811374352 1.6715171259481995e-20 -1.1098215424778601e-19
64.71000000000188 1.0 0.0014805550811374352 1.6715171259481995e-20 -1.1098215424778601e-19
64.74000000000188 1.0 0.0014805550811374352 1.6715171259481995e-20 -1.1098215424778601e-19
64.77000000000189 1.0 0.0014805550811374352 1.6715171259481995e-20 -1.1098215424778601e-19
64.80000000000189 1.0 0.0014805550811374352 1.6715171259481995e-20 -1.1098215424778601e-19
64.83000000000189 1.0 0.0014805550811374352 1.6715171259481995e-20 -1.1098215424778601e-19
64.86000000000189 1.0 0.0014805550811374352 1.6715171259481995e-20 -1.1098215424778601e-19
64.89000000000189 1.0 0.0014805550811374352 1.6715171259481995e-20 -1.1098215424778601e-19
64.92000000000189 1.0 0.0014805550811374352 1.6715171259481995e-20 -1.1098215424778601e-19
64.95000000000189 1.0 0.0014805550811374352 1.6715171259481995e-20 -1.1098215424778601e-19
64.9800000000019 1.0 0.0014805550811374352 1.6715171259481995e-20 -1.1098215424778601e-19
65.0100000000019 1.0 0.0014805550811374352 1.6715171259481995e-20 -1.1098215424778601e-19
65.0400000000019 1.0 0.0014805550811374352 1.6715171259481995e-20 -1.1098215424778601e-19
65.0700000000019 1.0 0.0014805550811374352 1.6715171259481995e-20 -1.1098215424778601e-19
65.1000000000019 1.0 0.0014805550811374352 1.6715171259481995e-20 -1.1098215424778601e-19
65.1300000000019 1.0 0.0014805550811374352 1.6715171259481995e-20 -1.1098215424778601e-19
65.1600000000019 1.0 0.0014805550811374352 1.6715171259481995e-20 -1.1098215424778601e-19
65.1900000000019 1.0 0.0014805550811374352 1.6715171259481995e-20 -1.1098215424778601e-19
65.2200000000019 1.0 0.0014805550811374352 1.6715171259481995e-20 -1.1098215424778601e-19
65.2500000000019 1.0 0.0014805550811374352 1.6715171259481995e-20 -1.1098215424778601e-19
65.2800000000019 1.0 0.0014805550811374352 1.6715171259481995e-20 -1.1098215424778601e-19
65.3100000000019 1.0 0.0014805550811374352 1.6715171259481995e-20 -1.1098215424778601e-19
65.34000000000191 1.0 0.0014805550811374352 1.6715171259481995e-20 -1.1098215424778601e-19
65.37000000000191 1.0 0.0014805550811374352 1.6715171259481995e-20 -1.1098215424778601e-19
65.40000000000191 1.0 0.0014805550811374352 1.6715171259481995e-20 -1.1098215424778601e-19
65.43000000000191 1.0 0.0014805550811374352 1.6715171259481995e-20 -1.1098215424778601e-19
65.46000000000191 1.0 0.0014805550811374352 1.6715171259481995e-20 -1.1098215424778601e-19
65.49000000000191 1.0 0.0014805550811374352 1.6715171259481995e-20 -1.1098215424778601e-19
65.52000000000191 1.0 0.0014805550811374352 1.6715171259481995e-20 -1.1098215424778601e-19
65.55000000000192 1.0 0.0014805550811374352 1.6715171259481995e-20 -1.1098215424778601e-19
65.58000000000192 1.0 0.0014805550811374352 1.6715171259481995e-20 -1.1098215424778601e-19
65.61000000000192 1.0 0.0014805550811374352 1.6715171259481995e-20 -1.1098215424778601e-19
65.64000000000192 1.0 0.0014805550811374352 1.6715171259481995e-20 -1.1098215424778601e-19
65.67000000000192 1.0 0.0014805550811374352 1.6715171259481995e-20 -1.1098215424778601e-19
65.70000000000192 1.0 0.0014805550811374352 1.6715171259481995e-20 -1.1098215424778601e-19
65.73000000000192 1.0 0.0014805550811374352 1.6715171259481995e-20 -1.1098215424778601e-19
65.76000000000192 1.0 0.0014805550811374352 1.6715171259481995e-20 -1.1098215424778601e-19
65.79000000000192 1.0 0.0014805550811374352 1.6715171259481995e-20 -1.1098215424778601e-19
65.82000000000193 1.0 0.0014805550811374352 1.6715171259481995e-20 -1.1098215424778601e-19
65.85000000000193 1.0 0.0014805550811374352 1.6715171259481995e-20 -1.1098215424778601e-19
65.88000000000193 1.0 0.0014805550811374352 1.6715171259481995e-20 -1.1098215424778601e-19
65.91000000000193 1.0 0.0014805550811374352 1.6715171259481995e-20 -1.1098215424778601e-19
65.94000000000193 1.0 0.0014805550811374352 1.6715171259481995e-20 -1.1098215424778601e-19
65.97000000000193 1.0 0.0014805550811374352 1.6715171259481995e-20 -1.1098215424778601e-19
66.00000000000193 1.0 0.0014805550811374352 1.6715171259481995e-20 -1.1098215424778601e-19
66.03000000000193 1.0 0.0014805550811374352 1.6715171259481995e-20 -1.1098215424778601e-19
66.06000000000193 1.0 0.0014805550811374352 1.6715171259481995e-20 -1.1098215424778601e-19
66.09000000000194 1.0 0.0014805550811374352 1.6715171259481995e-20 -1.1098215424778601e-19
66.12000000000194 1.0 0.0014805550811374352 1.6715171259481995e-20 -1.1098215424778601e-19
66.15000000000194 1.0 0.0014805550811374352 1.6715171259481995e-20 -1.1098215424778601e-19
66.18000000000194 1.0 0.0014805550811374352 1.6715171259481995e-20 -1.1098215424778601e-19
66.21000000000194 1.0 0.0014805550811374352 1.6715171259481995e-20 -1.1098215424778601e-19
66.24000000000194 1.0 0.0014805550811374352 1.6715171259481995e-20 -1.1098215424778601e-19
66.27000000000194 1.0 0.0014805550811374352 1.6715171259481995e-20 -1.1098215424778601e-19
66.30000000000194 1.0 0.0014805550811374352 1.6715171259481995e-20 -1.1098215424778601e-19
66.33000000000195 1.0 0.0014805550811374352 1.6715171259481995e-20 -1.1098215424778601e-19
66.36000000000195 1.0 0.0014805550811374352 1.6715171259481995e-20 -1.1098215424778601e-19
66.39000000000195 1.0 0.0014805550811374352 1.6715171259481995e-20 -1.1098215424778601e-19
66.42000000000195 1.0 0.0014805550811374352 1.6715171259481995e-20 -1.1098215424778601e-19
66.45000000000195 1.0 0.0014805550811374352 1.6715171259481995e-20 -1.1098215424778601e-19
66.48000000000195 1.0 0.0014805550811374352 1.6715171259481995e-20 -1.1098215424778601e-19
66.51000000000195 1.0 0.0014805550811374352 1.6715171259481995e-20 -1.1098215424778601e-19
66.54000000000195 1.0 0.0014805550811374352 1.6715171259481995e-20 -1.1098215424778601e-19
66.57000000000195 1.0 0.0014805550811374352 1.6715171259481995e-20 -1.1098215424778601e-19
66.60000000000196 1.0 0.0014805550811374352 1.6715171259481995e-20 -1.1098215424778601e-19
66.63000000000196 1.0 0.0014805550811374352 1.6715171259481995e-20 -1.1098215424778601e-19
66.66000000000196 1.0 0.0014805550811374352 1.6715171259481995e-20 -1.1098215424778601e-19
66.69000000000196 1.0 0.0014805550811374352 1.6715171259481995e-20 -1.1098215424778601e-19
66.72000000000196 1.0 0.0014805550811374352 1.6715171259481995e-20 -1.1098215424778601e-19
66.75000000000196 1.0 0.0014805550811374352 1.6715171259481995e-20 -1.1098215424778601e-19
66.78000000000196 1.0 0.0014805550811374352 1.6715171259481995e-20 -1.1098215424778601e-19
66.81000000000196 1.0 0.0014805550811374352 1.6715171259481995e-20 -1.1098215424778601e-19
66.84000000000196 1.0 0.0014805550811374352 1.6715171259481995e-20 -1.1098215424778601e-19
66.87000000000197 1.0 0.0014805550811374352 1.6715171259481995e-20 -1.1098215424778601e-19
66.90000000000197 1.0 0.0014805550811374352 1.6715171259481995e-20 -1.1098215424778601e-19
66.93000000000197 1.0 0.0014805550811374352 1.6715171259481995e-20 -1.1098215424778601e-19
66.96000000000197 1.0 0.0014805550811374352 1.6715171259481995e-20 -1.1098215424778601e-19
66.99000000000197 1.0 0.0014805550811374352 1.6715171259481995e-20 -1.1098215424778601e-19
67.02000000000197 1.0 0.0014805550811374352 1.6715171259481995e-20 -1.1098215424778601e-19
67.05000000000197 1.0 0.0014805550811374352 1.6715171259481995e-20 -1.1098215424778601e-19
67.08000000000197 1.0 0.0014805550811374352 1.6715171259481995e-20 -1.1098215424778601e-19
67.11000000000197 1.0 0.0014805550811374352 1.6715171259481995e-20 -1.1098215424778601e-19
67.14000000000198 1.0 0.0014805550811374352 1.6715171259481995e-20 -1.1098215424778601e-19
67.17000000000198 1.0 0.0014805550811374352 1.6715171259481995e-20 -1.1098215424778601e-19
67.20000000000198 1.0 0.0014805550811374352 1.6715171259481995e-20 -1.1098215424778601e-19
67.23000000000198 1.0 0.0014805550811374352 1.6715171259481995e-20 -1.1098215424778601e-19
67.26000000000198 1.0 0.0014805550811374352 1.6715171259481995e-20 -1.1098215424778601e-19
67.29000000000198 1.0 0.0014805550811374352 1.6715171259481995e-20 -1.1098215424778601e-19
67.32000000000198 1.0 0.0014805550811374352 1.6715171259481995e-20 -1.1098215424778601e-19
67.35000000000198 1.0 0.0014805550811374352 1.6715171259481995e-20 -1.1098215424778601e-19
67.38000000000198 1.0 0.0014805550811374352 1.6715171259481995e-20 -1.1098215424778601e-19
67.41000000000199 1.0 0.0014805550811374352 1.6715171259481995e-20 -1.1098215424778601e-19
67.44000000000199 1.0 0.0014805550811374352 1.6715171259481995e-20 -1.1098215424778601e-19
67.47000000000199 1.0 0.0014805550811374352 1.6715171259481995e-20 -1.1098215424778601e-19
67.50000000000199 1.0 0.0014805550811374352 1.6715171259481995e-20 -1.1098215424778601e-19
67.53000000000199 1.0 0.0014805550811374352 1.6715171259481995e-20 -1.1098215424778601e-19
67.56000000000199 1.0 0.0014805550811374352 1.6715171259481995e-20 -1.1098215424778601e-19
67.590000000002 1.0 0.0014805550811374352 1.6715171259481995e-20 -1.1098215424778601e-19
67.620000000002 1.0 0.0014805550811374352 1.6715171259481995e-20 -1.1098215424778601e-19
67.650000000002 1.0 0.0014805550811374352 1.6715171259481995e-20 -1.1098215424778601e-19
67.680000000002 1.0 0.0014805550811374352 1.6715171259481995e-20 -1.1098215424778601e-19
67.710000000002 1.0 0.0014805550811374352 1.6715171259481995e-20 -1.1098215424778601e-19
67.740000000002 1.0 0.0014805550811374352 1.6715171259481995e-20 -1.1098215424778601e-19
67.770000000002 1.0 0.0014805550811374352 1.6715171259481995e-20 -1.1098215424778601e-19
67.800000000002 1.0 0.0014805550811374352 1.6715171259481995e-20 -1.1098215424778601e-19
67.830000000002 1.0 0.0014805550811374352 1.6715171259481995e-20 -1.1098215424778601e-19
67.860000000002 1.0 0.0014805550811374352 1.6715171259481995e-20 -1.1098215424778601e-19
67.890000000002 1.0 0.0014805550811374352 1.6715171259481995e-20 -1.1098215424778601e-19
67.920000000002 1.0 0.0014805550811374352 1.6715171259481995e-20 -1.1098215424778601e-19
67.950000000002 1.0 0.0014805550811374352 1.6715171259481995e-20 -1.1098215424778601e-19
67.98000000000201 1.0 0.0014805550811374352 1.6715171259481995e-20 -1.1098215424778601e-19
68.01000000000201 1.0 0.0014805550811374352 1.6715171259481995e-20 -1.1098215424778601e-19
68.04000000000201 1.0 0.0014805550811374352 1.6715171259481995e-20 -1.1098215424778601e-19
68.07000000000201 1.0 0.0014805550811374352 1.6715171259481995e-20 -1.1098215424778601e-19
68.10000000000201 1.0 0.0014805550811374352 1.6715171259481995e-20 -1.1098215424778601e-19
68.13000000000201 1.0 0.0014805550811374352 1.6715171259481995e-20 -1.1098215424778601e-19
68.16000000000201 1.0 0.0014805550811374352 1.6715171259481995e-20 -1.1098215424778601e-19
68.19000000000202 1.0 0.0014805550811374352 1.6715171259481995e-20 -1.1098215424778601e-19
68.22000000000202 1.0 0.0014805550811374352 1.6715171259481995e-20 -1.1098215424778601e-19
68.25000000000202 1.0 0.0014805550811374352 1.6715171259481995e-20 -1.1098215424778601e-19
68.28000000000202 1.0 0.0014805550811374352 1.6715171259481995e-20 -1.1098215424778601e-19
68.31000000000202 1.0 0.0014805550811374352 1.6715171259481995e-20 -1.1098215424778601e-19
68.34000000000202 1.0 0.0014805550811374352 1.6715171259481995e-20 -1.1098215424778601e-19
68.37000000000202 1.0 0.0014805550811374352 1.6715171259481995e-20 -1.1098215424778601e-19
68.40000000000202 1.0 0.0014805550811374352 1.6715171259481995e-20 -1.1098215424778601e-19
68.43000000000202 1.0 0.0014805550811374352 1.6715171259481995e-20 -1.1098215424778601e-19
68.46000000000203 1.0 0.0014805550811374352 1.6715171259481995e-20 -1.1098215424778601e-19
68.49000000000203 1.0 0.0014805550811374352 1.6715171259481995e-20 -1.1098215424778601e-19
68.52000000000203 1.0 0.0014805550811374352 1.6715171259481995e-20 -1.1098215424778601e-19
68.55000000000203 1.0 0.0014805550811374352 1.6715171259481995e-20 -1.1098215424778601e-19
68.58000000000203 1.0 0.0014805550811374352 1.6715171259481995e-20 -1.1098215424778601e-19
68.61000000000203 1.0 0.0014805550811374352 1.6715171259481995e-20 -1.1098215424778601e-19
68.64000000000203 1.0 0.0014805550811374352 1.6715171259481995e-20 -1.1098215424778601e-19
68.67000000000203 1.0 0.0014805550811374352 1.6715171259481995e-20 -1.1098215424778601e-19
68.70000000000203 1.0 0.0014805550811374352 1.6715171259481995e-20 -1.1098215424778601e-19
68.73000000000204 1.0 0.0014805550811374352 1.6715171259481995e-20 -1.1098215424778601e-19
68.76000000000204 1.0 0.0014805550811374352 1.6715171259481995e-20 -1.1098215424778601e-19
68.79000000000204 1.0 0.0014805550811374352 1.6715171259481995e-20 -1.1098215424778601e-19
68.82000000000204 1.0 0.0014805550811374352 1.6715171259481995e-20 -1.1098215424778601e-19
68.85000000000204 1.0 0.0014805550811374352 1.6715171259481995e-20 -1.1098215424778601e-19
68.88000000000204 1.0 0.0014805550811374352 1.6715171259481995e-20 -1.1098215424778601e-19
68.91000000000204 1.0 0.0014805550811374352 1.6715171259481995e-20 -1.1098215424778601e-19
68.94000000000204 1.0 0.0014805550811374352 1.6715171259481995e-20 -1.1098215424778601e-19
68.97000000000205 1.0 0.0014805550811374352 1.6715171259481995e-20 -1.1098215424778601e-19
69.00000000000205 1.0 0.0014805550811374352 1.6715171259481995e-20 -1.1098215424778601e-19
69.03000000000205 1.0 0.0014805550811374352 1.6715171259481995e-20 -1.1098215424778601e-19
69.06000000000205 1.0 0.0014805550811374352 1.6715171259481995e-20 -1.1098215424778601e-19
69.09000000000205 1.0 0.0014805550811374352 1.6715171259481995e-20 -1.1098215424778601e-19
69.12000000000205 1.0 0.0014805550811374352 1.6715171259481995e-20 -1.1098215424778601e-19
69.15000000000205 1.0 0.0014805550811374352 1.6715171259481995e-20 -1.1098215424778601e-19
69.18000000000205 1.0 0.0014805550811374352 1.6715171259481995e-20 -1.1098215424778601e-19
69.21000000000205 1.0 0.0014805550811374352 1.6715171259481995e-20 -1.1098215424778601e-19
69.24000000000206 1.0 0.0014805550811374352 1.6715171259481995e-20 -1.1098215424778601e-19
69.27000000000206 1.0 0.0014805550811374352 1.6715171259481995e-20 -1.1098215424778601e-19
69.30000000000206 1.0 0.0014805550811374352 1.6715171259481995e-20 -1.1098215424778601e-19
69.33000000000206 1.0 0.0014805550811374352 1.6715171259481995e-20 -1.1098215424778601e-19
69.36000000000206 1.0 0.0014805550811374352 1.6715171259481995e-20 -1.1098215424778601e-19
69.39000000000206 1.0 0.0014805550811374352 1.6715171259481995e-20 -1.1098215424778601e-19
69.42000000000206 1.0 0.0014805550811374352 1.6715171259481995e-20 -1.1098215424778601e-19
69.45000000000206 1.0 0.0014805550811374352 1.6715171259481995e-20 -1.1098215424778601e-19
69.48000000000206 1.0 0.0014805550811374352 1.6715171259481995e-20 -1.1098215424778601e-19
69.51000000000207 1.0 0.0014805550811374352 1.6715171259481995e-20 -1.1098215424778601e-19
69.54000000000207 1.0 0.0014805550811374352 1.6715171259481995e-20 -1.1098215424778601e-19
69.57000000000207 1.0 0.0014805550811374352 1.6715171259481995e-20 -1.1098215424778601e-19
69.60000000000207 1.0 0.0014805550811374352 1.6715171259481995e-20 -1.1098215424778601e-19
69.63000000000207 1.0 0.0014805550811374352 1.6715171259481995e-20 -1.1098215424778601e-19
69.66000000000207 1.0 0.0014805550811374352 1.6715171259481995e-20 -1.1098215424778601e-19
69.69000000000207 1.0 0.0014805550811374352 1.6715171259481995e-20 -1.1098215424778601e-19
69.72000000000207 1.0 0.0014805550811374352 1.6715171259481995e-20 -1.1098215424778601e-19
69.75000000000207 1.0 0.0014805550811374352 1.6715171259481995e-20 -1.1098215424778601e-19
69.78000000000208 1.0 0.0014805550811374352 1.6715171259481995e-20 -1.1098215424778601e-19
69.81000000000208 1.0 0.0014805550811374352 1.6715171259481995e-20 -1.1098215424778601e-19
69.84000000000208 1.0 0.0014805550811374352 1.6715171259481995e-20 -1.1098215424778601e-19
69.87000000000208 1.0 0.0014805550811374352 1.6715171259481995e-20 -1.1098215424778601e-19
69.90000000000208 1.0 0.0014805550811374352 1.6715171259481995e-20 -1.1098215424778601e-19
69.93000000000208 1.0 0.0014805550811374352 1.6715171259481995e-20 -1.1098215424778601e-19
69.96000000000208 1.0 0.0014805550811374352 1.6715171259481995e-20 -1.1098215424778601e-19
69.99000000000208 1.0 0.0014805550811374352 1.6715171259481995e-20 -1.1098215424778601e-19
70.02000000000209 1.0 0.0014805550811374352 1.6715171259481995e-20 -1.1098215424778601e-19
70.05000000000209 1.0 0.0014805550811374352 1.6715171259481995e-20 -1.1098215424778601e-19
70.08000000000209 1.0 0.0014805550811374352 1.6715171259481995e-20 -1.1098215424778601e-19
70.11000000000209 1.0 0.0014805550811374352 1.6715171259481995e-20 -1.1098215424778601e-19
70.14000000000209 1.0 0.0014805550811374352 1.6715171259481995e-20 -1.1098215424778601e-19
70.17000000000209 1.0 0.0014805550811374352 1.6715171259481995e-20 -1.1098215424778601e-19
70.20000000000209 1.0 0.0014805550811374352 1.6715171259481995e-20 -1.1098215424778601e-19
70.2300000000021 1.0 0.0014805550811374352 1.6715171259481995e-20 -1.1098215424778601e-19
70.2600000000021 1.0 0.0014805550811374352 1.6715171259481995e-20 -1.1098215424778601e-19
70.2900000000021 1.0 0.0014805550811374352 1.6715171259481995e-20 -1.1098215424778601e-19
70.3200000000021 1.0 0.0014805550811374352 1.6715171259481995e-20 -1.1098215424778601e-19
70.3500000000021 1.0 0.0014805550811374352 1.6715171259481995e-20 -1.1098215424778601e-19
70.3800000000021 1.0 0.0014805550811374352 1.6715171259481995e-20 -1.1098215424778601e-19
70.4100000000021 1.0 0.0014805550811374352 1.6715171259481995e-20 -1.1098215424778601e-19
70.4400000000021 1.0 0.0014805550811374352 1.6715171259481995e-20 -1.1098215424778601e-19
70.4700000000021 1.0 0.0014805550811374352 1.6715171259481995e-20 -1.1098215424778601e-19
70.5000000000021 1.0 0.0014805550811374352 1.6715171259481995e-20 -1.1098215424778601e-19
70.5300000000021 1.0 0.0014805550811374352 1.6715171259481995e-20 -1.1098215424778601e-19
70.5600000000021 1.0 0.0014805550811374352 1.6715171259481995e-20 -1.1098215424778601e-19
70.5900000000021 1.0 0.0014805550811374352 1.6715171259481995e-20 -1.1098215424778601e-19
70.62000000000211 1.0 0.0014805550811374352 1.6715171259481995e-20 -1.1098215424778601e-19
70.65000000000211 1.0 0.0014805550811374352 1.6715171259481995e-20 -1.1098215424778601e-19
70.68000000000211 1.0 0.0014805550811374352 1.6715171259481995e-20 -1.1098215424778601e-19
70.71000000000211 1.0 0.0014805550811374352 1.6715171259481995e-20 -1.1098215424778601e-19
70.74000000000211 1.0 0.0014805550811374352 1.6715171259481995e-20 -1.1098215424778601e-19
70.77000000000211 1.0 0.0014805550811374352 1.6715171259481995e-20 -1.1098215424778601e-19
70.80000000000211 1.0 0.0014805550811374352 1.6715171259481995e-20 -1.1098215424778601e-19
70.83000000000212 1.0 0.0014805550811374352 1.6715171259481995e-20 -1.1098215424778601e-19
70.86000000000212 1.0 0.0014805550811374352 1.6715171259481995e-20 -1.1098215424778601e-19
70.89000000000212 1.0 0.0014805550811374352 1.6715171259481995e-20 -1.1098215424778601e-19
70.92000000000212 1.0 0.0014805550811374352 1.6715171259481995e-20 -1.1098215424778601e-19
70.95000000000212 1.0 0.0014805550811374352 1.6715171259481995e-20 -1.1098215424778601e-19
70.98000000000212 1.0 0.0014805550811374352 1.6715171259481995e-20 -1.1098215424778601e-19
71.01000000000212 1.0 0.0014805550811374352 1.6715171259481995e-20 -1.1098215424778601e-19
71.04000000000212 1.0 0.0014805550811374352 1.6715171259481995e-20 -1.1098215424778601e-19
71.07000000000212 1.0 0.0014805550811374352 1.6715171259481995e-20 -1.1098215424778601e-19
71.10000000000213 1.0 0.0014805550811374352 1.6715171259481995e-20 -1.1098215424778601e-19
71.13000000000213 1.0 0.0014805550811374352 1.6715171259481995e-20 -1.1098215424778601e-19
71.16000000000213 1.0 0.0014805550811374352 1.6715171259481995e-20 -1.1098215424778601e-19
71.19000000000213 1.0 0.0014805550811374352 1.6715171259481995e-20 -1.1098215424778601e-19
71.22000000000213 1.0 0.0014805550811374352 1.6715171259481995e-20 -1.1098215424778601e-19
71.25000000000213 1.0 0.0014805550811374352 1.6715171259481995e-20 -1.1098215424778601e-19
71.28000000000213 1.0 0.0014805550811374352 1.6715171259481995e-20 -1.1098215424778601e-19
71.31000000000213 1.0 0.0014805550811374352 1.6715171259481995e-20 -1.1098215424778601e-19
71.34000000000214 1.0 0.0014805550811374352 1.6715171259481995e-20 -1.1098215424778601e-19
71.37000000000214 1.0 0.0014805550811374352 1.6715171259481995e-20 -1.1098215424778601e-19
71.40000000000214 1.0 0.0014805550811374352 1.6715171259481995e-20 -1.1098215424778601e-19
71.43000000000214 1.0 0.0014805550811374352 1.6715171259481995e-20 -1.1098215424778601e-19
71.46000000000214 1.0 0.0014805550811374352 1.6715171259481995e-20 -1.1098215424778601e-19
71.49000000000214 1.0 0.0014805550811374352 1.6715171259481995e-20 -1.1098215424778601e-19
71.52000000000214 1.0 0.0014805550811374352 1.6715171259481995e-20 -1.1098215424778601e-19
71.55000000000214 1.0 0.0014805550811374352 1.6715171259481995e-20 -1.1098215424778601e-19
71.58000000000214 1.0 0.0014805550811374352 1.6715171259481995e-20 -1.1098215424778601e-19
71.61000000000215 1.0 0.0014805550811374352 1.6715171259481995e-20 -1.1098215424778601e-19
71.64000000000215 1.0 0.0014805550811374352 1.6715171259481995e-20 -1.1098215424778601e-19
71.67000000000215 1.0 0.0014805550811374352 1.6715171259481995e-20 -1.1098215424778601e-19
71.70000000000215 1.0 0.0014805550811374352 1.6715171259481995e-20 -1.1098215424778601e-19
71.73000000000215 1.0 0.0014805550811374352 1.6715171259481995e-20 -1.1098215424778601e-19
71.76000000000215 1.0 0.0014805550811374352 1.6715171259481995e-20 -1.1098215424778601e-19
71.79000000000215 1.0 0.0014805550811374352 1.6715171259481995e-20 -1.1098215424778601e-19
71.82000000000215 1.0 0.0014805550811374352 1.6715171259481995e-20 -1.1098215424778601e-19
71.85000000000215 1.0 0.0014805550811374352 1.6715171259481995e-20 -1.1098215424778601e-19
71.88000000000216 1.0 0.0014805550811374352 1.6715171259481995e-20 -1.1098215424778601e-19
71.91000000000216 1.0 0.0014805550811374352 1.6715171259481995e-20 -1.1098215424778601e-19
71.94000000000216 1.0 0.0014805550811374352 1.6715171259481995e-20 -1.1098215424778601e-19
71.97000000000216 1.0 0.0014805550811374352 1.6715171259481995e-20 -1.1098215424778601e-19
72.00000000000216 1.0 0.0014805550811374352 1.6715171259481995e-20 -1.1098215424778601e-19
72.03000000000216 1.0 0.0014805550811374352 1.6715171259481995e-20 -1.1098215424778601e-19
72.06000000000216 1.0 0.0014805550811374352 1.6715171259481995e-20 -1.1098215424778601e-19
72.09000000000216 1.0 0.0014805550811374352 1.6715171259481995e-20 -1.1098215424778601e-19
72.12000000000216 1.0 0.0014805550811374352 1.6715171259481995e-20 -1.1098215424778601e-19
72.15000000000217 1.0 0.0014805550811374352 1.6715171259481995e-20 -1.1098215424778601e-19
72.18000000000217 1.0 0.0014805550811374352 1.6715171259481995e-20 -1.1098215424778601e-19
72.21000000000217 1.0 0.0014805550811374352 1.6715171259481995e-20 -1.1098215424778601e-19
72.24000000000217 1.0 0.0014805550811374352 1.6715171259481995e-20 -1.1098215424778601e-19
72.27000000000217 1.0 0.0014805550811374352 1.6715171259481995e-20 -1.1098215424778601e-19
72.30000000000217 1.0 0.0014805550811374352 1.6715171259481995e-20 -1.1098215424778601e-19
72.33000000000217 1.0 0.0014805550811374352 1.6715171259481995e-20 -1.1098215424778601e-19
72.36000000000217 1.0 0.0014805550811374352 1.6715171259481995e-20 -1.1098215424778601e-19
72.39000000000217 1.0 0.0014805550811374352 1.6715171259481995e-20 -1.1098215424778601e-19
72.42000000000218 1.0 0.0014805550811374352 1.6715171259481995e-20 -1.1098215424778601e-19
72.45000000000218 1.0 0.0014805550811374352 1.6715171259481995e-20 -1.1098215424778601e-19
72.48000000000218 1.0 0.0014805550811374352 1.6715171259481995e-20 -1.1098215424778601e-19
72.51000000000218 1.0 0.0014805550811374352 1.6715171259481995e-20 -1.1098215424778601e-19
72.54000000000218 1.0 0.0014805550811374352 1.6715171259481995e-20 -1.1098215424778601e-19
72.57000000000218 1.0 0.0014805550811374352 1.6715171259481995e-20 -1.1098215424778601e-19
72.60000000000218 1.0 0.0014805550811374352 1.6715171259481995e-20 -1.1098215424778601e-19
72.63000000000218 1.0 0.0014805550811374352 1.6715171259481995e-20 -1.1098215424778601e-19
72.66000000000219 1.0 0.0014805550811374352 1.6715171259481995e-20 -1.1098215424778601e-19
72.69000000000219 1.0 0.0014805550811374352 1.6715171259481995e-20 -1.1098215424778601e-19
72.72000000000219 1.0 0.0014805550811374352 1.6715171259481995e-20 -1.1098215424778601e-19
72.75000000000219 1.0 0.0014805550811374352 1.6715171259481995e-20 -1.1098215424778601e-19
72.78000000000219 1.0 0.0014805550811374352 1.6715171259481995e-20 -1.1098215424778601e-19
72.81000000000219 1.0 0.0014805550811374352 1.6715171259481995e-20 -1.1098215424778601e-19
72.84000000000219 1.0 0.0014805550811374352 1.6715171259481995e-20 -1.1098215424778601e-19
72.8700000000022 1.0 0.0014805550811374352 1.6715171259481995e-20 -1.1098215424778601e-19
72.9000000000022 1.0 0.0014805550811374352 1.6715171259481995e-20 -1.1098215424778601e-19
72.9300000000022 1.0 0.0014805550811374352 1.6715171259481995e-20 -1.1098215424778601e-19
72.9600000000022 1.0 0.0014805550811374352 1.6715171259481995e-20 -1.1098215424778601e-19
72.9900000000022 1.0 0.0014805550811374352 1.6715171259481995e-20 -1.1098215424778601e-19
73.0200000000022 1.0 0.0014805550811374352 1.6715171259481995e-20 -1.1098215424778601e-19
73.0500000000022 1.0 0.0014805550811374352 1.6715171259481995e-20 -1.1098215424778601e-19
73.0800000000022 1.0 0.0014805550811374352 1.6715171259481995e-20 -1.1098215424778601e-19
73.1100000000022 1.0 0.0014805550811374352 1.6715171259481995e-20 -1.1098215424778601e-19
73.1400000000022 1.0 0.0014805550811374352 1.6715171259481995e-20 -1.1098215424778601e-19
73.1700000000022 1.0 0.0014805550811374352 1.6715171259481995e-20 -1.1098215424778601e-19
73.2000000000022 1.0 0.0014805550811374352 1.6715171259481995e-20 -1.1098215424778601e-19
73.2300000000022 1.0 0.0014805550811374352 1.6715171259481995e-20 -1.1098215424778601e-19
73.26000000000221 1.0 0.0014805550811374352 1.6715171259481995e-20 -1.1098215424778601e-19
73.29000000000221 1.0 0.0014805550811374352 1.6715171259481995e-20 -1.1098215424778601e-19
73.32000000000221 1.0 0.0014805550811374352 1.6715171259481995e-20 -1.1098215424778601e-19
73.35000000000221 1.0 0.0014805550811374352 1.6715171259481995e-20 -1.1098215424778601e-19
73.38000000000221 1.0 0.0014805550811374352 1.6715171259481995e-20 -1.1098215424778601e-19
73.41000000000221 1.0 0.0014805550811374352 1.6715171259481995e-20 -1.1098215424778601e-19
73.44000000000221 1.0 0.0014805550811374352 1.6715171259481995e-20 -1.1098215424778601e-19
73.47000000000222 1.0 0.0014805550811374352 1.6715171259481995e-20 -1.1098215424778601e-19
73.50000000000222 1.0 0.0014805550811374352 1.6715171259481995e-20 -1.1098215424778601e-19
73.53000000000222 1.0 0.0014805550811374352 1.6715171259481995e-20 -1.1098215424778601e-19
73.56000000000222 1.0 0.0014805550811374352 1.6715171259481995e-20 -1.1098215424778601e-19
73.59000000000222 1.0 0.0014805550811374352 1.6715171259481995e-20 -1.1098215424778601e-19
73.62000000000222 1.0 0.0014805550811374352 1.6715171259481995e-20 -1.1098215424778601e-19
73.65000000000222 1.0 0.0014805550811374352 1.6715171259481995e-20 -1.1098215424778601e-19
73.68000000000222 1.0 0.0014805550811374352 1.6715171259481995e-20 -1.1098215424778601e-19
73.71000000000222 1.0 0.0014805550811374352 1.6715171259481995e-20 -1.1098215424778601e-19
73.74000000000223 1.0 0.0014805550811374352 1.6715171259481995e-20 -1.1098215424778601e-19
73.77000000000223 1.0 0.0014805550811374352 1.6715171259481995e-20 -1.1098215424778601e-19
73.80000000000223 1.0 0.0014805550811374352 1.6715171259481995e-20 -1.1098215424778601e-19
73.83000000000223 1.0 0.0014805550811374352 1.6715171259481995e-20 -1.1098215424778601e-19
73.86000000000223 1.0 0.0014805550811374352 1.6715171259481995e-20 -1.1098215424778601e-19
73.89000000000223 1.0 0.0014805550811374352 1.6715171259481995e-20 -1.1098215424778601e-19
73.92000000000223 1.0 0.0014805550811374352 1.6715171259481995e-20 -1.1098215424778601e-19
73.95000000000223 1.0 0.0014805550811374352 1.6715171259481995e-20 -1.1098215424778601e-19
73.98000000000224 1.0 0.0014805550811374352 1.6715171259481995e-20 -1.1098215424778601e-19
74.01000000000224 1.0 0.0014805550811374352 1.6715171259481995e-20 -1.1098215424778601e-19
74.04000000000224 1.0 0.0014805550811374352 1.6715171259481995e-20 -1.1098215424778601e-19
74.07000000000224 1.0 0.0014805550811374352 1.6715171259481995e-20 -1.1098215424778601e-19
74.10000000000224 1.0 0.0014805550811374352 1.6715171259481995e-20 -1.1098215424778601e-19
74.13000000000224 1.0 0.0014805550811374352 1.6715171259481995e-20 -1.1098215424778601e-19
74.16000000000224 1.0 0.0014805550811374352 1.6715171259481995e-20 -1.1098215424778601e-19
74.19000000000224 1.0 0.0014805550811374352 1.6715171259481995e-20 -1.1098215424778601e-19
74.22000000000224 1.0 0.0014805550811374352 1.6715171259481995e-20 -1.1098215424778601e-19
74.25000000000225 1.0 0.0014805550811374352 1.6715171259481995e-20 -1.1098215424778601e-19
74.28000000000225 1.0 0.0014805550811374352 1.6715171259481995e-20 -1.1098215424778601e-19
74.31000000000225 1.0 0.0014805550811374352 1.6715171259481995e-20 -1.1098215424778601e-19
74.34000000000225 1.0 0.0014805550811374352 1.6715171259481995e-20 -1.1098215424778601e-19
74.37000000000225 1.0 0.0014805550811374352 1.6715171259481995e-20 -1.1098215424778601e-19
74.40000000000225 1.0 0.0014805550811374352 1.6715171259481995e-20 -1.1098215424778601e-19
74.43000000000225 1.0 0.0014805550811374352 1.6715171259481995e-20 -1.1098215424778601e-19
74.46000000000225 1.0 0.0014805550811374352 1.6715171259481995e-20 -1.1098215424778601e-19
74.49000000000225 1.0 0.0014805550811374352 1.6715171259481995e-20 -1.1098215424778601e-19
74.52000000000226 1.0 0.0014805550811374352 1.6715171259481995e-20 -1.1098215424778601e-19
74.55000000000226 1.0 0.0014805550811374352 1.6715171259481995e-20 -1.1098215424778601e-19
74.58000000000226 1.0 0.0014805550811374352 1.6715171259481995e-20 -1.1098215424778601e-19
74.61000000000226 1.0 0.0014805550811374352 1.6715171259481995e-20 -1.1098215424778601e-19
74.64000000000226 1.0 0.0014805550811374352 1.6715171259481995e-20 -1.1098215424778601e-19
74.67000000000226 1.0 0.0014805550811374352 1.6715171259481995e-20 -1.1098215424778601e-19
74.70000000000226 1.0 0.0014805550811374352 1.6715171259481995e-20 -1.1098215424778601e-19
74.73000000000226 1.0 0.0014805550811374352 1.6715171259481995e-20 -1.1098215424778601e-19
74.76000000000226 1.0 0.0014805550811374352 1.6715171259481995e-20 -1.1098215424778601e-19
74.79000000000227 1.0 0.0014805550811374352 1.6715171259481995e-20 -1.1098215424778601e-19
74.82000000000227 1.0 0.0014805550811374352 1.6715171259481995e-20 -1.1098215424778601e-19
74.85000000000227 1.0 0.0014805550811374352 1.6715171259481995e-20 -1.1098215424778601e-19
74.88000000000227 1.0 0.0014805550811374352 1.6715171259481995e-20 -1.1098215424778601e-19
74.91000000000227 1.0 0.0014805550811374352 1.6715171259481995e-20 -1.1098215424778601e-19
74.94000000000227 1.0 0.0014805550811374352 1.6715171259481995e-20 -1.1098215424778601e-19
74.97000000000227 1.0 0.0014805550811374352 1.6715171259481995e-20 -1.1098215424778601e-19
75.00000000000227 1.0 0.0014805550811374352 1.6715171259481995e-20 -1.1098215424778601e-19
